Year,Month,permissive,restrictive,permissive_northeast,restrictive_northeast,permissive_midwest,restrictive_midwest,permissive_south,restrictive_south,permissive_west,restrictive_west,permissive_new_england,restrictive_new_england,permissive_middle_atlantic,restrictive_middle_atlantic,permissive_east_north_central,restrictive_east_north_central,permissive_west_north_central,restrictive_west_north_central,permissive_south_atlantic,restrictive_south_atlantic,permissive_east_south_central,restrictive_east_south_central,permissive_west_south_central,restrictive_west_south_central,permissive_mountain,restrictive_mountain,permissive_pacific,restrictive_pacific,permissive_continuous,restrictive_continuous,permissive_northeast_continuous,restrictive_northeast_continuous,permissive_midwest_continuous,restrictive_midwest_continuous,permissive_south_continuous,restrictive_south_continuous,permissive_west_continuous,restrictive_west_continuous,permissive_new_england_continuous,restrictive_new_england_continuous,permissive_middle_atlantic_continuous,restrictive_middle_atlantic_continuous,permissive_east_north_central_continuous,restrictive_east_north_central_continuous,permissive_west_north_central_continuous,restrictive_west_north_central_continuous,permissive_south_atlantic_continuous,restrictive_south_atlantic_continuous,permissive_east_south_central_continuous,restrictive_east_south_central_continuous,permissive_west_south_central_continuous,restrictive_west_south_central_continuous,permissive_mountain_continuous,restrictive_mountain_continuous,permissive_pacific_continuous,restrictive_pacific_continuous,ratio,northeast_ratio,midwest_ratio,south_ratio,west_ratio,new_england_ratio,middle_atlantic_ratio,east_north_central_ratio,west_north_central_ratio,south_atlantic_ratio,east_south_central_ratio,west_south_central_ratio,mountain_ratio,pacific_ratio,sum,northeast_sum,midwest_sum,south_sum,west_sum,new_england_sum,middle_atlantic_sum,east_north_central_sum,west_north_central_sum,south_atlantic_sum,east_south_central_sum,west_south_central_sum,mountain_sum,pacific_sum
2000,1,0,7,0,2,0,2,0,1,0,2,0,2,0,0,0,2,0,0,0,1,0,0,0,0,0,0,0,2,0,7,0,2,0,2,0,1,0,2,0,2,0,0,0,2,0,0,0,1,0,0,0,0,0,0,0,2,Inf,Inf,Inf,Inf,Inf,Inf,NaN,Inf,NaN,Inf,NaN,NaN,NaN,Inf,7,2,2,1,2,2,0,2,0,1,0,0,0,2
2000,2,0,0,0,0,0,0,0,0,0,0,0,0,0,0,0,0,0,0,0,0,0,0,0,0,0,0,0,0,0,7,0,2,0,2,0,1,0,2,0,2,0,0,0,2,0,0,0,1,0,0,0,0,0,0,0,2,Inf,Inf,Inf,Inf,Inf,Inf,NaN,Inf,NaN,Inf,NaN,NaN,NaN,Inf,7,2,2,1,2,2,0,2,0,1,0,0,0,2
2000,3,0,0,0,0,0,0,0,0,0,0,0,0,0,0,0,0,0,0,0,0,0,0,0,0,0,0,0,0,0,7,0,2,0,2,0,1,0,2,0,2,0,0,0,2,0,0,0,1,0,0,0,0,0,0,0,2,Inf,Inf,Inf,Inf,Inf,Inf,NaN,Inf,NaN,Inf,NaN,NaN,NaN,Inf,7,2,2,1,2,2,0,2,0,1,0,0,0,2
2000,4,0,0,0,0,0,0,0,0,0,0,0,0,0,0,0,0,0,0,0,0,0,0,0,0,0,0,0,0,0,7,0,2,0,2,0,1,0,2,0,2,0,0,0,2,0,0,0,1,0,0,0,0,0,0,0,2,Inf,Inf,Inf,Inf,Inf,Inf,NaN,Inf,NaN,Inf,NaN,NaN,NaN,Inf,7,2,2,1,2,2,0,2,0,1,0,0,0,2
2000,5,1,1,0,0,0,0,0,0,1,1,0,0,0,0,0,0,0,0,0,0,0,0,0,0,1,1,0,0,1,8,0,2,0,2,0,1,1,3,0,2,0,0,0,2,0,0,0,1,0,0,0,0,1,1,0,2,8,Inf,Inf,Inf,3,Inf,NaN,Inf,NaN,Inf,NaN,NaN,1,Inf,7,2,2,1,2,2,0,2,0,1,0,0,0,2
2000,6,0,0,0,0,0,0,0,0,0,0,0,0,0,0,0,0,0,0,0,0,0,0,0,0,0,0,0,0,1,8,0,2,0,2,0,1,1,3,0,2,0,0,0,2,0,0,0,1,0,0,0,0,1,1,0,2,8,Inf,Inf,Inf,3,Inf,NaN,Inf,NaN,Inf,NaN,NaN,1,Inf,7,2,2,1,2,2,0,2,0,1,0,0,0,2
2000,7,0,1,0,0,0,0,0,0,0,1,0,0,0,0,0,0,0,0,0,0,0,0,0,0,0,1,0,0,1,9,0,2,0,2,0,1,1,4,0,2,0,0,0,2,0,0,0,1,0,0,0,0,1,2,0,2,9,Inf,Inf,Inf,4,Inf,NaN,Inf,NaN,Inf,NaN,NaN,2,Inf,8,2,2,1,3,2,0,2,0,1,0,0,1,2
2000,8,2,1,0,1,0,0,1,0,1,0,0,0,0,1,0,0,0,0,0,0,1,0,0,0,1,0,0,0,3,10,0,3,0,2,1,1,2,4,0,2,0,1,0,2,0,0,0,1,1,0,0,0,2,2,0,2,3.33333333333333,Inf,Inf,1,2,Inf,Inf,Inf,NaN,Inf,0,NaN,1,Inf,7,3,2,0,2,2,1,2,0,1,-1,0,0,2
2000,9,0,0,0,0,0,0,0,0,0,0,0,0,0,0,0,0,0,0,0,0,0,0,0,0,0,0,0,0,3,10,0,3,0,2,1,1,2,4,0,2,0,1,0,2,0,0,0,1,1,0,0,0,2,2,0,2,3.33333333333333,Inf,Inf,1,2,Inf,Inf,Inf,NaN,Inf,0,NaN,1,Inf,7,3,2,0,2,2,1,2,0,1,-1,0,0,2
2000,10,0,0,0,0,0,0,0,0,0,0,0,0,0,0,0,0,0,0,0,0,0,0,0,0,0,0,0,0,3,10,0,3,0,2,1,1,2,4,0,2,0,1,0,2,0,0,0,1,1,0,0,0,2,2,0,2,3.33333333333333,Inf,Inf,1,2,Inf,Inf,Inf,NaN,Inf,0,NaN,1,Inf,7,3,2,0,2,2,1,2,0,1,-1,0,0,2
2000,11,0,3,0,3,0,0,0,0,0,0,0,0,0,3,0,0,0,0,0,0,0,0,0,0,0,0,0,0,3,13,0,6,0,2,1,1,2,4,0,2,0,4,0,2,0,0,0,1,1,0,0,0,2,2,0,2,4.33333333333333,Inf,Inf,1,2,Inf,Inf,Inf,NaN,Inf,0,NaN,1,Inf,10,6,2,0,2,2,4,2,0,1,-1,0,0,2
2000,12,0,1,0,1,0,0,0,0,0,0,0,1,0,0,0,0,0,0,0,0,0,0,0,0,0,0,0,0,3,14,0,7,0,2,1,1,2,4,0,3,0,4,0,2,0,0,0,1,1,0,0,0,2,2,0,2,4.66666666666667,Inf,Inf,1,2,Inf,Inf,Inf,NaN,Inf,0,NaN,1,Inf,11,7,2,0,2,3,4,2,0,1,-1,0,0,2
2001,1,0,4,0,2,0,0,0,0,0,2,0,1,0,1,0,0,0,0,0,0,0,0,0,0,0,0,0,2,3,18,0,9,0,2,1,1,2,6,0,4,0,5,0,2,0,0,0,1,1,0,0,0,2,2,0,4,6,Inf,Inf,1,3,Inf,Inf,Inf,NaN,Inf,0,NaN,1,Inf,15,9,2,0,4,4,5,2,0,1,-1,0,0,4
2001,2,0,1,0,1,0,0,0,0,0,0,0,1,0,0,0,0,0,0,0,0,0,0,0,0,0,0,0,0,3,19,0,10,0,2,1,1,2,6,0,5,0,5,0,2,0,0,0,1,1,0,0,0,2,2,0,4,6.33333333333333,Inf,Inf,1,3,Inf,Inf,Inf,NaN,Inf,0,NaN,1,Inf,16,10,2,0,4,5,5,2,0,1,-1,0,0,4
2001,3,0,0,0,0,0,0,0,0,0,0,0,0,0,0,0,0,0,0,0,0,0,0,0,0,0,0,0,0,3,19,0,10,0,2,1,1,2,6,0,5,0,5,0,2,0,0,0,1,1,0,0,0,2,2,0,4,6.33333333333333,Inf,Inf,1,3,Inf,Inf,Inf,NaN,Inf,0,NaN,1,Inf,16,10,2,0,4,5,5,2,0,1,-1,0,0,4
2001,4,0,0,0,0,0,0,0,0,0,0,0,0,0,0,0,0,0,0,0,0,0,0,0,0,0,0,0,0,3,19,0,10,0,2,1,1,2,6,0,5,0,5,0,2,0,0,0,1,1,0,0,0,2,2,0,4,6.33333333333333,Inf,Inf,1,3,Inf,Inf,Inf,NaN,Inf,0,NaN,1,Inf,16,10,2,0,4,5,5,2,0,1,-1,0,0,4
2001,5,0,0,0,0,0,0,0,0,0,0,0,0,0,0,0,0,0,0,0,0,0,0,0,0,0,0,0,0,3,19,0,10,0,2,1,1,2,6,0,5,0,5,0,2,0,0,0,1,1,0,0,0,2,2,0,4,6.33333333333333,Inf,Inf,1,3,Inf,Inf,Inf,NaN,Inf,0,NaN,1,Inf,16,10,2,0,4,5,5,2,0,1,-1,0,0,4
2001,6,0,0,0,0,0,0,0,0,0,0,0,0,0,0,0,0,0,0,0,0,0,0,0,0,0,0,0,0,3,19,0,10,0,2,1,1,2,6,0,5,0,5,0,2,0,0,0,1,1,0,0,0,2,2,0,4,6.33333333333333,Inf,Inf,1,3,Inf,Inf,Inf,NaN,Inf,0,NaN,1,Inf,16,10,2,0,4,5,5,2,0,1,-1,0,0,4
2001,7,1,1,0,0,1,1,0,0,0,0,0,0,0,0,1,1,0,0,0,0,0,0,0,0,0,0,0,0,4,20,0,10,1,3,1,1,2,6,0,5,0,5,1,3,0,0,0,1,1,0,0,0,2,2,0,4,5,Inf,3,1,3,Inf,Inf,3,NaN,Inf,0,NaN,1,Inf,16,10,2,0,4,5,5,2,0,1,-1,0,0,4
2001,8,0,0,0,0,0,0,0,0,0,0,0,0,0,0,0,0,0,0,0,0,0,0,0,0,0,0,0,0,4,20,0,10,1,3,1,1,2,6,0,5,0,5,1,3,0,0,0,1,1,0,0,0,2,2,0,4,5,Inf,3,1,3,Inf,Inf,3,NaN,Inf,0,NaN,1,Inf,16,10,2,0,4,5,5,2,0,1,-1,0,0,4
2001,9,0,3,0,0,0,0,0,3,0,0,0,0,0,0,0,0,0,0,0,2,0,0,0,1,0,0,0,0,4,23,0,10,1,3,1,4,2,6,0,5,0,5,1,3,0,0,0,3,1,0,0,1,2,2,0,4,5.75,Inf,3,4,3,Inf,Inf,3,NaN,Inf,0,Inf,1,Inf,19,10,2,3,4,5,5,2,0,3,-1,1,0,4
2001,10,0,0,0,0,0,0,0,0,0,0,0,0,0,0,0,0,0,0,0,0,0,0,0,0,0,0,0,0,4,23,0,10,1,3,1,4,2,6,0,5,0,5,1,3,0,0,0,3,1,0,0,1,2,2,0,4,5.75,Inf,3,4,3,Inf,Inf,3,NaN,Inf,0,Inf,1,Inf,19,10,2,3,4,5,5,2,0,3,-1,1,0,4
2001,11,0,0,0,0,0,0,0,0,0,0,0,0,0,0,0,0,0,0,0,0,0,0,0,0,0,0,0,0,4,23,0,10,1,3,1,4,2,6,0,5,0,5,1,3,0,0,0,3,1,0,0,1,2,2,0,4,5.75,Inf,3,4,3,Inf,Inf,3,NaN,Inf,0,Inf,1,Inf,19,10,2,3,4,5,5,2,0,3,-1,1,0,4
2001,12,0,0,0,0,0,0,0,0,0,0,0,0,0,0,0,0,0,0,0,0,0,0,0,0,0,0,0,0,4,23,0,10,1,3,1,4,2,6,0,5,0,5,1,3,0,0,0,3,1,0,0,1,2,2,0,4,5.75,Inf,3,4,3,Inf,Inf,3,NaN,Inf,0,Inf,1,Inf,19,10,2,3,4,5,5,2,0,3,-1,1,0,4
2002,1,0,2,0,0,0,1,0,0,0,1,0,0,0,0,0,1,0,0,0,0,0,0,0,0,0,0,0,1,4,25,0,10,1,4,1,4,2,7,0,5,0,5,1,4,0,0,0,3,1,0,0,1,2,2,0,5,6.25,Inf,4,4,3.5,Inf,Inf,4,NaN,Inf,0,Inf,1,Inf,21,10,3,3,5,5,5,3,0,3,-1,1,0,5
2002,2,0,0,0,0,0,0,0,0,0,0,0,0,0,0,0,0,0,0,0,0,0,0,0,0,0,0,0,0,4,25,0,10,1,4,1,4,2,7,0,5,0,5,1,4,0,0,0,3,1,0,0,1,2,2,0,5,6.25,Inf,4,4,3.5,Inf,Inf,4,NaN,Inf,0,Inf,1,Inf,21,10,3,3,5,5,5,3,0,3,-1,1,0,5
2002,3,0,1,0,1,0,0,0,0,0,0,0,1,0,0,0,0,0,0,0,0,0,0,0,0,0,0,0,0,4,26,0,11,1,4,1,4,2,7,0,6,0,5,1,4,0,0,0,3,1,0,0,1,2,2,0,5,6.5,Inf,4,4,3.5,Inf,Inf,4,NaN,Inf,0,Inf,1,Inf,22,11,3,3,5,6,5,3,0,3,-1,1,0,5
2002,4,0,2,0,0,0,2,0,0,0,0,0,0,0,0,0,2,0,0,0,0,0,0,0,0,0,0,0,0,4,28,0,11,1,6,1,4,2,7,0,6,0,5,1,6,0,0,0,3,1,0,0,1,2,2,0,5,7,Inf,6,4,3.5,Inf,Inf,6,NaN,Inf,0,Inf,1,Inf,24,11,5,3,5,6,5,5,0,3,-1,1,0,5
2002,5,0,0,0,0,0,0,0,0,0,0,0,0,0,0,0,0,0,0,0,0,0,0,0,0,0,0,0,0,4,28,0,11,1,6,1,4,2,7,0,6,0,5,1,6,0,0,0,3,1,0,0,1,2,2,0,5,7,Inf,6,4,3.5,Inf,Inf,6,NaN,Inf,0,Inf,1,Inf,24,11,5,3,5,6,5,5,0,3,-1,1,0,5
2002,6,0,0,0,0,0,0,0,0,0,0,0,0,0,0,0,0,0,0,0,0,0,0,0,0,0,0,0,0,4,28,0,11,1,6,1,4,2,7,0,6,0,5,1,6,0,0,0,3,1,0,0,1,2,2,0,5,7,Inf,6,4,3.5,Inf,Inf,6,NaN,Inf,0,Inf,1,Inf,24,11,5,3,5,6,5,5,0,3,-1,1,0,5
2002,7,0,2,0,0,0,2,0,0,0,0,0,0,0,0,0,2,0,0,0,0,0,0,0,0,0,0,0,0,4,30,0,11,1,8,1,4,2,7,0,6,0,5,1,8,0,0,0,3,1,0,0,1,2,2,0,5,7.5,Inf,8,4,3.5,Inf,Inf,8,NaN,Inf,0,Inf,1,Inf,26,11,7,3,5,6,5,7,0,3,-1,1,0,5
2002,8,0,0,0,0,0,0,0,0,0,0,0,0,0,0,0,0,0,0,0,0,0,0,0,0,0,0,0,0,4,30,0,11,1,8,1,4,2,7,0,6,0,5,1,8,0,0,0,3,1,0,0,1,2,2,0,5,7.5,Inf,8,4,3.5,Inf,Inf,8,NaN,Inf,0,Inf,1,Inf,26,11,7,3,5,6,5,7,0,3,-1,1,0,5
2002,9,0,0,0,0,0,0,0,0,0,0,0,0,0,0,0,0,0,0,0,0,0,0,0,0,0,0,0,0,4,30,0,11,1,8,1,4,2,7,0,6,0,5,1,8,0,0,0,3,1,0,0,1,2,2,0,5,7.5,Inf,8,4,3.5,Inf,Inf,8,NaN,Inf,0,Inf,1,Inf,26,11,7,3,5,6,5,7,0,3,-1,1,0,5
2002,10,0,0,0,0,0,0,0,0,0,0,0,0,0,0,0,0,0,0,0,0,0,0,0,0,0,0,0,0,4,30,0,11,1,8,1,4,2,7,0,6,0,5,1,8,0,0,0,3,1,0,0,1,2,2,0,5,7.5,Inf,8,4,3.5,Inf,Inf,8,NaN,Inf,0,Inf,1,Inf,26,11,7,3,5,6,5,7,0,3,-1,1,0,5
2002,11,0,0,0,0,0,0,0,0,0,0,0,0,0,0,0,0,0,0,0,0,0,0,0,0,0,0,0,0,4,30,0,11,1,8,1,4,2,7,0,6,0,5,1,8,0,0,0,3,1,0,0,1,2,2,0,5,7.5,Inf,8,4,3.5,Inf,Inf,8,NaN,Inf,0,Inf,1,Inf,26,11,7,3,5,6,5,7,0,3,-1,1,0,5
2002,12,0,0,0,0,0,0,0,0,0,0,0,0,0,0,0,0,0,0,0,0,0,0,0,0,0,0,0,0,4,30,0,11,1,8,1,4,2,7,0,6,0,5,1,8,0,0,0,3,1,0,0,1,2,2,0,5,7.5,Inf,8,4,3.5,Inf,Inf,8,NaN,Inf,0,Inf,1,Inf,26,11,7,3,5,6,5,7,0,3,-1,1,0,5
2003,1,0,1,0,0,0,0,0,0,0,1,0,0,0,0,0,0,0,0,0,0,0,0,0,0,0,0,0,1,4,31,0,11,1,8,1,4,2,8,0,6,0,5,1,8,0,0,0,3,1,0,0,1,2,2,0,6,7.75,Inf,8,4,4,Inf,Inf,8,NaN,Inf,0,Inf,1,Inf,27,11,7,3,6,6,5,7,0,3,-1,1,0,6
2003,2,0,0,0,0,0,0,0,0,0,0,0,0,0,0,0,0,0,0,0,0,0,0,0,0,0,0,0,0,4,31,0,11,1,8,1,4,2,8,0,6,0,5,1,8,0,0,0,3,1,0,0,1,2,2,0,6,7.75,Inf,8,4,4,Inf,Inf,8,NaN,Inf,0,Inf,1,Inf,27,11,7,3,6,6,5,7,0,3,-1,1,0,6
2003,3,1,0,0,0,0,0,0,0,1,0,0,0,0,0,0,0,0,0,0,0,0,0,0,0,1,0,0,0,5,31,0,11,1,8,1,4,3,8,0,6,0,5,1,8,0,0,0,3,1,0,0,1,3,2,0,6,6.2,Inf,8,4,2.66666666666667,Inf,Inf,8,NaN,Inf,0,Inf,0.666666666666667,Inf,26,11,7,3,5,6,5,7,0,3,-1,1,-1,6
2003,4,0,0,0,0,0,0,0,0,0,0,0,0,0,0,0,0,0,0,0,0,0,0,0,0,0,0,0,0,5,31,0,11,1,8,1,4,3,8,0,6,0,5,1,8,0,0,0,3,1,0,0,1,3,2,0,6,6.2,Inf,8,4,2.66666666666667,Inf,Inf,8,NaN,Inf,0,Inf,0.666666666666667,Inf,26,11,7,3,5,6,5,7,0,3,-1,1,-1,6
2003,5,1,1,0,0,0,0,0,0,1,1,0,0,0,0,0,0,0,0,0,0,0,0,0,0,1,1,0,0,6,32,0,11,1,8,1,4,4,9,0,6,0,5,1,8,0,0,0,3,1,0,0,1,4,3,0,6,5.33333333333333,Inf,8,4,2.25,Inf,Inf,8,NaN,Inf,0,Inf,0.75,Inf,26,11,7,3,5,6,5,7,0,3,-1,1,-1,6
2003,6,0,0,0,0,0,0,0,0,0,0,0,0,0,0,0,0,0,0,0,0,0,0,0,0,0,0,0,0,6,32,0,11,1,8,1,4,4,9,0,6,0,5,1,8,0,0,0,3,1,0,0,1,4,3,0,6,5.33333333333333,Inf,8,4,2.25,Inf,Inf,8,NaN,Inf,0,Inf,0.75,Inf,26,11,7,3,5,6,5,7,0,3,-1,1,-1,6
2003,7,0,1,0,0,0,0,0,0,0,1,0,0,0,0,0,0,0,0,0,0,0,0,0,0,0,1,0,0,6,33,0,11,1,8,1,4,4,10,0,6,0,5,1,8,0,0,0,3,1,0,0,1,4,4,0,6,5.5,Inf,8,4,2.5,Inf,Inf,8,NaN,Inf,0,Inf,1,Inf,27,11,7,3,6,6,5,7,0,3,-1,1,0,6
2003,8,1,2,0,2,1,0,0,0,0,0,0,2,0,0,0,0,1,0,0,0,0,0,0,0,0,0,0,0,7,35,0,13,2,8,1,4,4,10,0,8,0,5,1,8,1,0,0,3,1,0,0,1,4,4,0,6,5,Inf,4,4,2.5,Inf,Inf,8,0,Inf,0,Inf,1,Inf,28,13,6,3,6,8,5,7,-1,3,-1,1,0,6
2003,9,0,0,0,0,0,0,0,0,0,0,0,0,0,0,0,0,0,0,0,0,0,0,0,0,0,0,0,0,7,35,0,13,2,8,1,4,4,10,0,8,0,5,1,8,1,0,0,3,1,0,0,1,4,4,0,6,5,Inf,4,4,2.5,Inf,Inf,8,0,Inf,0,Inf,1,Inf,28,13,6,3,6,8,5,7,-1,3,-1,1,0,6
2003,10,0,5,0,0,0,1,0,2,0,2,0,0,0,0,0,0,0,1,0,2,0,0,0,0,0,2,0,0,7,40,0,13,2,9,1,6,4,12,0,8,0,5,1,8,1,1,0,5,1,0,0,1,4,6,0,6,5.71428571428571,Inf,4.5,6,3,Inf,Inf,8,1,Inf,0,Inf,1.5,Inf,33,13,7,5,8,8,5,7,0,5,-1,1,2,6
2003,11,0,0,0,0,0,0,0,0,0,0,0,0,0,0,0,0,0,0,0,0,0,0,0,0,0,0,0,0,7,40,0,13,2,9,1,6,4,12,0,8,0,5,1,8,1,1,0,5,1,0,0,1,4,6,0,6,5.71428571428571,Inf,4.5,6,3,Inf,Inf,8,1,Inf,0,Inf,1.5,Inf,33,13,7,5,8,8,5,7,0,5,-1,1,2,6
2003,12,0,1,0,0,0,0,0,1,0,0,0,0,0,0,0,0,0,0,0,1,0,0,0,0,0,0,0,0,7,41,0,13,2,9,1,7,4,12,0,8,0,5,1,8,1,1,0,6,1,0,0,1,4,6,0,6,5.85714285714286,Inf,4.5,7,3,Inf,Inf,8,1,Inf,0,Inf,1.5,Inf,34,13,7,6,8,8,5,7,0,6,-1,1,2,6
2004,1,2,3,1,2,0,0,0,0,1,1,1,0,0,2,0,0,0,0,0,0,0,0,0,0,1,0,0,1,9,44,1,15,2,9,1,7,5,13,1,8,0,7,1,8,1,1,0,6,1,0,0,1,5,6,0,7,4.88888888888889,15,4.5,7,2.6,8,Inf,8,1,Inf,0,Inf,1.2,Inf,35,14,7,6,8,7,7,7,0,6,-1,1,1,7
2004,2,1,0,0,0,1,0,0,0,0,0,0,0,0,0,0,0,1,0,0,0,0,0,0,0,0,0,0,0,10,44,1,15,3,9,1,7,5,13,1,8,0,7,1,8,2,1,0,6,1,0,0,1,5,6,0,7,4.4,15,3,7,2.6,8,Inf,8,0.5,Inf,0,Inf,1.2,Inf,34,14,6,6,8,7,7,7,-1,6,-1,1,1,7
2004,3,0,0,0,0,0,0,0,0,0,0,0,0,0,0,0,0,0,0,0,0,0,0,0,0,0,0,0,0,10,44,1,15,3,9,1,7,5,13,1,8,0,7,1,8,2,1,0,6,1,0,0,1,5,6,0,7,4.4,15,3,7,2.6,8,Inf,8,0.5,Inf,0,Inf,1.2,Inf,34,14,6,6,8,7,7,7,-1,6,-1,1,1,7
2004,4,1,2,0,0,1,2,0,0,0,0,0,0,0,0,1,2,0,0,0,0,0,0,0,0,0,0,0,0,11,46,1,15,4,11,1,7,5,13,1,8,0,7,2,10,2,1,0,6,1,0,0,1,5,6,0,7,4.18181818181818,15,2.75,7,2.6,8,Inf,5,0.5,Inf,0,Inf,1.2,Inf,35,14,7,6,8,7,7,8,-1,6,-1,1,1,7
2004,5,0,0,0,0,0,0,0,0,0,0,0,0,0,0,0,0,0,0,0,0,0,0,0,0,0,0,0,0,11,46,1,15,4,11,1,7,5,13,1,8,0,7,2,10,2,1,0,6,1,0,0,1,5,6,0,7,4.18181818181818,15,2.75,7,2.6,8,Inf,5,0.5,Inf,0,Inf,1.2,Inf,35,14,7,6,8,7,7,8,-1,6,-1,1,1,7
2004,6,0,0,0,0,0,0,0,0,0,0,0,0,0,0,0,0,0,0,0,0,0,0,0,0,0,0,0,0,11,46,1,15,4,11,1,7,5,13,1,8,0,7,2,10,2,1,0,6,1,0,0,1,5,6,0,7,4.18181818181818,15,2.75,7,2.6,8,Inf,5,0.5,Inf,0,Inf,1.2,Inf,35,14,7,6,8,7,7,8,-1,6,-1,1,1,7
2004,7,1,1,0,0,0,1,1,0,0,0,0,0,0,0,0,0,0,1,1,0,0,0,0,0,0,0,0,0,12,47,1,15,4,12,2,7,5,13,1,8,0,7,2,10,2,2,1,6,1,0,0,1,5,6,0,7,3.91666666666667,15,3,3.5,2.6,8,Inf,5,1,6,0,Inf,1.2,Inf,35,14,8,5,8,7,7,8,0,5,-1,1,1,7
2004,8,0,0,0,0,0,0,0,0,0,0,0,0,0,0,0,0,0,0,0,0,0,0,0,0,0,0,0,0,12,47,1,15,4,12,2,7,5,13,1,8,0,7,2,10,2,2,1,6,1,0,0,1,5,6,0,7,3.91666666666667,15,3,3.5,2.6,8,Inf,5,1,6,0,Inf,1.2,Inf,35,14,8,5,8,7,7,8,0,5,-1,1,1,7
2004,9,0,0,0,0,0,0,0,0,0,0,0,0,0,0,0,0,0,0,0,0,0,0,0,0,0,0,0,0,12,47,1,15,4,12,2,7,5,13,1,8,0,7,2,10,2,2,1,6,1,0,0,1,5,6,0,7,3.91666666666667,15,3,3.5,2.6,8,Inf,5,1,6,0,Inf,1.2,Inf,35,14,8,5,8,7,7,8,0,5,-1,1,1,7
2004,10,0,0,0,0,0,0,0,0,0,0,0,0,0,0,0,0,0,0,0,0,0,0,0,0,0,0,0,0,12,47,1,15,4,12,2,7,5,13,1,8,0,7,2,10,2,2,1,6,1,0,0,1,5,6,0,7,3.91666666666667,15,3,3.5,2.6,8,Inf,5,1,6,0,Inf,1.2,Inf,35,14,8,5,8,7,7,8,0,5,-1,1,1,7
2004,11,0,0,0,0,0,0,0,0,0,0,0,0,0,0,0,0,0,0,0,0,0,0,0,0,0,0,0,0,12,47,1,15,4,12,2,7,5,13,1,8,0,7,2,10,2,2,1,6,1,0,0,1,5,6,0,7,3.91666666666667,15,3,3.5,2.6,8,Inf,5,1,6,0,Inf,1.2,Inf,35,14,8,5,8,7,7,8,0,5,-1,1,1,7
2004,12,0,0,0,0,0,0,0,0,0,0,0,0,0,0,0,0,0,0,0,0,0,0,0,0,0,0,0,0,12,47,1,15,4,12,2,7,5,13,1,8,0,7,2,10,2,2,1,6,1,0,0,1,5,6,0,7,3.91666666666667,15,3,3.5,2.6,8,Inf,5,1,6,0,Inf,1.2,Inf,35,14,8,5,8,7,7,8,0,5,-1,1,1,7
2005,1,0,0,0,0,0,0,0,0,0,0,0,0,0,0,0,0,0,0,0,0,0,0,0,0,0,0,0,0,12,47,1,15,4,12,2,7,5,13,1,8,0,7,2,10,2,2,1,6,1,0,0,1,5,6,0,7,3.91666666666667,15,3,3.5,2.6,8,Inf,5,1,6,0,Inf,1.2,Inf,35,14,8,5,8,7,7,8,0,5,-1,1,1,7
2005,2,0,0,0,0,0,0,0,0,0,0,0,0,0,0,0,0,0,0,0,0,0,0,0,0,0,0,0,0,12,47,1,15,4,12,2,7,5,13,1,8,0,7,2,10,2,2,1,6,1,0,0,1,5,6,0,7,3.91666666666667,15,3,3.5,2.6,8,Inf,5,1,6,0,Inf,1.2,Inf,35,14,8,5,8,7,7,8,0,5,-1,1,1,7
2005,3,0,0,0,0,0,0,0,0,0,0,0,0,0,0,0,0,0,0,0,0,0,0,0,0,0,0,0,0,12,47,1,15,4,12,2,7,5,13,1,8,0,7,2,10,2,2,1,6,1,0,0,1,5,6,0,7,3.91666666666667,15,3,3.5,2.6,8,Inf,5,1,6,0,Inf,1.2,Inf,35,14,8,5,8,7,7,8,0,5,-1,1,1,7
2005,4,1,0,0,0,1,0,0,0,0,0,0,0,0,0,0,0,1,0,0,0,0,0,0,0,0,0,0,0,13,47,1,15,5,12,2,7,5,13,1,8,0,7,2,10,3,2,1,6,1,0,0,1,5,6,0,7,3.61538461538462,15,2.4,3.5,2.6,8,Inf,5,0.666666666666667,6,0,Inf,1.2,Inf,34,14,7,5,8,7,7,8,-1,5,-1,1,1,7
2005,5,0,0,0,0,0,0,0,0,0,0,0,0,0,0,0,0,0,0,0,0,0,0,0,0,0,0,0,0,13,47,1,15,5,12,2,7,5,13,1,8,0,7,2,10,3,2,1,6,1,0,0,1,5,6,0,7,3.61538461538462,15,2.4,3.5,2.6,8,Inf,5,0.666666666666667,6,0,Inf,1.2,Inf,34,14,7,5,8,7,7,8,-1,5,-1,1,1,7
2005,6,0,0,0,0,0,0,0,0,0,0,0,0,0,0,0,0,0,0,0,0,0,0,0,0,0,0,0,0,13,47,1,15,5,12,2,7,5,13,1,8,0,7,2,10,3,2,1,6,1,0,0,1,5,6,0,7,3.61538461538462,15,2.4,3.5,2.6,8,Inf,5,0.666666666666667,6,0,Inf,1.2,Inf,34,14,7,5,8,7,7,8,-1,5,-1,1,1,7
2005,7,1,4,0,1,0,1,1,1,0,1,0,1,0,0,0,1,0,0,1,1,0,0,0,0,0,0,0,1,14,51,1,16,5,13,3,8,5,14,1,9,0,7,2,11,3,2,2,7,1,0,0,1,5,6,0,8,3.64285714285714,16,2.6,2.66666666666667,2.8,9,Inf,5.5,0.666666666666667,3.5,0,Inf,1.2,Inf,37,15,8,5,9,8,7,9,-1,5,-1,1,1,8
2005,8,0,0,0,0,0,0,0,0,0,0,0,0,0,0,0,0,0,0,0,0,0,0,0,0,0,0,0,0,14,51,1,16,5,13,3,8,5,14,1,9,0,7,2,11,3,2,2,7,1,0,0,1,5,6,0,8,3.64285714285714,16,2.6,2.66666666666667,2.8,9,Inf,5.5,0.666666666666667,3.5,0,Inf,1.2,Inf,37,15,8,5,9,8,7,9,-1,5,-1,1,1,8
2005,9,0,0,0,0,0,0,0,0,0,0,0,0,0,0,0,0,0,0,0,0,0,0,0,0,0,0,0,0,14,51,1,16,5,13,3,8,5,14,1,9,0,7,2,11,3,2,2,7,1,0,0,1,5,6,0,8,3.64285714285714,16,2.6,2.66666666666667,2.8,9,Inf,5.5,0.666666666666667,3.5,0,Inf,1.2,Inf,37,15,8,5,9,8,7,9,-1,5,-1,1,1,8
2005,10,1,0,0,0,0,0,1,0,0,0,0,0,0,0,0,0,0,0,1,0,0,0,0,0,0,0,0,0,15,51,1,16,5,13,4,8,5,14,1,9,0,7,2,11,3,2,3,7,1,0,0,1,5,6,0,8,3.4,16,2.6,2,2.8,9,Inf,5.5,0.666666666666667,2.33333333333333,0,Inf,1.2,Inf,36,15,8,4,9,8,7,9,-1,4,-1,1,1,8
2005,11,0,0,0,0,0,0,0,0,0,0,0,0,0,0,0,0,0,0,0,0,0,0,0,0,0,0,0,0,15,51,1,16,5,13,4,8,5,14,1,9,0,7,2,11,3,2,3,7,1,0,0,1,5,6,0,8,3.4,16,2.6,2,2.8,9,Inf,5.5,0.666666666666667,2.33333333333333,0,Inf,1.2,Inf,36,15,8,4,9,8,7,9,-1,4,-1,1,1,8
2005,12,0,0,0,0,0,0,0,0,0,0,0,0,0,0,0,0,0,0,0,0,0,0,0,0,0,0,0,0,15,51,1,16,5,13,4,8,5,14,1,9,0,7,2,11,3,2,3,7,1,0,0,1,5,6,0,8,3.4,16,2.6,2,2.8,9,Inf,5.5,0.666666666666667,2.33333333333333,0,Inf,1.2,Inf,36,15,8,4,9,8,7,9,-1,4,-1,1,1,8
2006,1,0,1,0,0,0,0,0,1,0,0,0,0,0,0,0,0,0,0,0,1,0,0,0,0,0,0,0,0,15,52,1,16,5,13,4,9,5,14,1,9,0,7,2,11,3,2,3,8,1,0,0,1,5,6,0,8,3.46666666666667,16,2.6,2.25,2.8,9,Inf,5.5,0.666666666666667,2.66666666666667,0,Inf,1.2,Inf,37,15,8,5,9,8,7,9,-1,5,-1,1,1,8
2006,2,0,0,0,0,0,0,0,0,0,0,0,0,0,0,0,0,0,0,0,0,0,0,0,0,0,0,0,0,15,52,1,16,5,13,4,9,5,14,1,9,0,7,2,11,3,2,3,8,1,0,0,1,5,6,0,8,3.46666666666667,16,2.6,2.25,2.8,9,Inf,5.5,0.666666666666667,2.66666666666667,0,Inf,1.2,Inf,37,15,8,5,9,8,7,9,-1,5,-1,1,1,8
2006,3,0,0,0,0,0,0,0,0,0,0,0,0,0,0,0,0,0,0,0,0,0,0,0,0,0,0,0,0,15,52,1,16,5,13,4,9,5,14,1,9,0,7,2,11,3,2,3,8,1,0,0,1,5,6,0,8,3.46666666666667,16,2.6,2.25,2.8,9,Inf,5.5,0.666666666666667,2.66666666666667,0,Inf,1.2,Inf,37,15,8,5,9,8,7,9,-1,5,-1,1,1,8
2006,4,2,0,0,0,1,0,0,0,1,0,0,0,0,0,0,0,1,0,0,0,0,0,0,0,1,0,0,0,17,52,1,16,6,13,4,9,6,14,1,9,0,7,2,11,4,2,3,8,1,0,0,1,6,6,0,8,3.05882352941176,16,2.16666666666667,2.25,2.33333333333333,9,Inf,5.5,0.5,2.66666666666667,0,Inf,1,Inf,35,15,7,5,8,8,7,9,-2,5,-1,1,0,8
2006,5,1,1,0,1,1,0,0,0,0,0,0,0,0,1,0,0,1,0,0,0,0,0,0,0,0,0,0,0,18,53,1,17,7,13,4,9,6,14,1,9,0,8,2,11,5,2,3,8,1,0,0,1,6,6,0,8,2.94444444444444,17,1.85714285714286,2.25,2.33333333333333,9,Inf,5.5,0.4,2.66666666666667,0,Inf,1,Inf,35,16,6,5,8,8,8,9,-3,5,-1,1,0,8
2006,6,2,0,0,0,0,0,2,0,0,0,0,0,0,0,0,0,0,0,1,0,1,0,0,0,0,0,0,0,20,53,1,17,7,13,6,9,6,14,1,9,0,8,2,11,5,2,4,8,2,0,0,1,6,6,0,8,2.65,17,1.85714285714286,1.5,2.33333333333333,9,Inf,5.5,0.4,2,0,Inf,1,Inf,33,16,6,3,8,8,8,9,-3,4,-2,1,0,8
2006,7,5,0,0,0,2,0,3,0,0,0,0,0,0,0,1,0,1,0,1,0,2,0,0,0,0,0,0,0,25,53,1,17,9,13,9,9,6,14,1,9,0,8,3,11,6,2,5,8,4,0,0,1,6,6,0,8,2.12,17,1.44444444444444,1,2.33333333333333,9,Inf,3.66666666666667,0.333333333333333,1.6,0,Inf,1,Inf,28,16,4,0,8,8,8,8,-4,3,-4,1,0,8
2006,8,1,0,0,0,0,0,1,0,0,0,0,0,0,0,0,0,0,0,0,0,0,0,1,0,0,0,0,0,26,53,1,17,9,13,10,9,6,14,1,9,0,8,3,11,6,2,5,8,4,0,1,1,6,6,0,8,2.03846153846154,17,1.44444444444444,0.9,2.33333333333333,9,Inf,3.66666666666667,0.333333333333333,1.6,0,1,1,Inf,27,16,4,-1,8,8,8,8,-4,3,-4,0,0,8
2006,9,0,0,0,0,0,0,0,0,0,0,0,0,0,0,0,0,0,0,0,0,0,0,0,0,0,0,0,0,26,53,1,17,9,13,10,9,6,14,1,9,0,8,3,11,6,2,5,8,4,0,1,1,6,6,0,8,2.03846153846154,17,1.44444444444444,0.9,2.33333333333333,9,Inf,3.66666666666667,0.333333333333333,1.6,0,1,1,Inf,27,16,4,-1,8,8,8,8,-4,3,-4,0,0,8
2006,10,1,0,0,0,1,0,0,0,0,0,0,0,0,0,1,0,0,0,0,0,0,0,0,0,0,0,0,0,27,53,1,17,10,13,10,9,6,14,1,9,0,8,4,11,6,2,5,8,4,0,1,1,6,6,0,8,1.96296296296296,17,1.3,0.9,2.33333333333333,9,Inf,2.75,0.333333333333333,1.6,0,1,1,Inf,26,16,3,-1,8,8,8,7,-4,3,-4,0,0,8
2006,11,1,1,0,1,0,0,1,0,0,0,0,0,0,1,0,0,0,0,0,0,0,0,1,0,0,0,0,0,28,54,1,18,10,13,11,9,6,14,1,9,0,9,4,11,6,2,5,8,4,0,2,1,6,6,0,8,1.92857142857143,18,1.3,0.818181818181818,2.33333333333333,9,Inf,2.75,0.333333333333333,1.6,0,0.5,1,Inf,26,17,3,-2,8,8,9,7,-4,3,-4,-1,0,8
2006,12,0,0,0,0,0,0,0,0,0,0,0,0,0,0,0,0,0,0,0,0,0,0,0,0,0,0,0,0,28,54,1,18,10,13,11,9,6,14,1,9,0,9,4,11,6,2,5,8,4,0,2,1,6,6,0,8,1.92857142857143,18,1.3,0.818181818181818,2.33333333333333,9,Inf,2.75,0.333333333333333,1.6,0,0.5,1,Inf,26,17,3,-2,8,8,9,7,-4,3,-4,-1,0,8
2007,1,2,0,0,0,2,0,0,0,0,0,0,0,0,0,0,0,2,0,0,0,0,0,0,0,0,0,0,0,30,54,1,18,12,13,11,9,6,14,1,9,0,9,4,11,8,2,5,8,4,0,2,1,6,6,0,8,1.8,18,1.08333333333333,0.818181818181818,2.33333333333333,9,Inf,2.75,0.25,1.6,0,0.5,1,Inf,24,17,1,-2,8,8,9,7,-6,3,-4,-1,0,8
2007,2,0,0,0,0,0,0,0,0,0,0,0,0,0,0,0,0,0,0,0,0,0,0,0,0,0,0,0,0,30,54,1,18,12,13,11,9,6,14,1,9,0,9,4,11,8,2,5,8,4,0,2,1,6,6,0,8,1.8,18,1.08333333333333,0.818181818181818,2.33333333333333,9,Inf,2.75,0.25,1.6,0,0.5,1,Inf,24,17,1,-2,8,8,9,7,-6,3,-4,-1,0,8
2007,3,1,1,0,0,1,0,0,1,0,0,0,0,0,0,1,0,0,0,0,1,0,0,0,0,0,0,0,0,31,55,1,18,13,13,11,10,6,14,1,9,0,9,5,11,8,2,5,9,4,0,2,1,6,6,0,8,1.7741935483871,18,1,0.909090909090909,2.33333333333333,9,Inf,2.2,0.25,1.8,0,0.5,1,Inf,24,17,0,-1,8,8,9,6,-6,4,-4,-1,0,8
2007,4,0,0,0,0,0,0,0,0,0,0,0,0,0,0,0,0,0,0,0,0,0,0,0,0,0,0,0,0,31,55,1,18,13,13,11,10,6,14,1,9,0,9,5,11,8,2,5,9,4,0,2,1,6,6,0,8,1.7741935483871,18,1,0.909090909090909,2.33333333333333,9,Inf,2.2,0.25,1.8,0,0.5,1,Inf,24,17,0,-1,8,8,9,6,-6,4,-4,-1,0,8
2007,5,2,0,0,0,1,0,1,0,0,0,0,0,0,0,0,0,1,0,0,0,1,0,0,0,0,0,0,0,33,55,1,18,14,13,12,10,6,14,1,9,0,9,5,11,9,2,5,9,5,0,2,1,6,6,0,8,1.66666666666667,18,0.928571428571429,0.833333333333333,2.33333333333333,9,Inf,2.2,0.222222222222222,1.8,0,0.5,1,Inf,22,17,-1,-2,8,8,9,6,-7,4,-5,-1,0,8
2007,6,0,1,0,0,0,0,0,0,0,1,0,0,0,0,0,0,0,0,0,0,0,0,0,0,0,1,0,0,33,56,1,18,14,13,12,10,6,15,1,9,0,9,5,11,9,2,5,9,5,0,2,1,6,7,0,8,1.6969696969697,18,0.928571428571429,0.833333333333333,2.5,9,Inf,2.2,0.222222222222222,1.8,0,0.5,1.16666666666667,Inf,23,17,-1,-2,9,8,9,6,-7,4,-5,-1,1,8
2007,7,0,0,0,0,0,0,0,0,0,0,0,0,0,0,0,0,0,0,0,0,0,0,0,0,0,0,0,0,33,56,1,18,14,13,12,10,6,15,1,9,0,9,5,11,9,2,5,9,5,0,2,1,6,7,0,8,1.6969696969697,18,0.928571428571429,0.833333333333333,2.5,9,Inf,2.2,0.222222222222222,1.8,0,0.5,1.16666666666667,Inf,23,17,-1,-2,9,8,9,6,-7,4,-5,-1,1,8
2007,8,5,1,0,0,5,1,0,0,0,0,0,0,0,0,0,0,5,1,0,0,0,0,0,0,0,0,0,0,38,57,1,18,19,14,12,10,6,15,1,9,0,9,5,11,14,3,5,9,5,0,2,1,6,7,0,8,1.5,18,0.736842105263158,0.833333333333333,2.5,9,Inf,2.2,0.214285714285714,1.8,0,0.5,1.16666666666667,Inf,19,17,-5,-2,9,8,9,6,-11,4,-5,-1,1,8
2007,9,1,2,0,1,0,0,1,1,0,0,0,0,0,1,0,0,0,0,0,1,0,0,1,0,0,0,0,0,39,59,1,19,19,14,13,11,6,15,1,9,0,10,5,11,14,3,5,10,5,0,3,1,6,7,0,8,1.51282051282051,19,0.736842105263158,0.846153846153846,2.5,9,Inf,2.2,0.214285714285714,2,0,0.333333333333333,1.16666666666667,Inf,20,18,-5,-2,9,8,10,6,-11,5,-5,-2,1,8
2007,10,0,1,0,1,0,0,0,0,0,0,0,1,0,0,0,0,0,0,0,0,0,0,0,0,0,0,0,0,39,60,1,20,19,14,13,11,6,15,1,10,0,10,5,11,14,3,5,10,5,0,3,1,6,7,0,8,1.53846153846154,20,0.736842105263158,0.846153846153846,2.5,10,Inf,2.2,0.214285714285714,2,0,0.333333333333333,1.16666666666667,Inf,21,19,-5,-2,9,9,10,6,-11,5,-5,-2,1,8
2007,11,0,0,0,0,0,0,0,0,0,0,0,0,0,0,0,0,0,0,0,0,0,0,0,0,0,0,0,0,39,60,1,20,19,14,13,11,6,15,1,10,0,10,5,11,14,3,5,10,5,0,3,1,6,7,0,8,1.53846153846154,20,0.736842105263158,0.846153846153846,2.5,10,Inf,2.2,0.214285714285714,2,0,0.333333333333333,1.16666666666667,Inf,21,19,-5,-2,9,9,10,6,-11,5,-5,-2,1,8
2007,12,0,0,0,0,0,0,0,0,0,0,0,0,0,0,0,0,0,0,0,0,0,0,0,0,0,0,0,0,39,60,1,20,19,14,13,11,6,15,1,10,0,10,5,11,14,3,5,10,5,0,3,1,6,7,0,8,1.53846153846154,20,0.736842105263158,0.846153846153846,2.5,10,Inf,2.2,0.214285714285714,2,0,0.333333333333333,1.16666666666667,Inf,21,19,-5,-2,9,9,10,6,-11,5,-5,-2,1,8
2008,1,0,2,0,1,0,0,0,1,0,0,0,0,0,1,0,0,0,0,0,0,0,0,0,1,0,0,0,0,39,62,1,21,19,14,13,12,6,15,1,10,0,11,5,11,14,3,5,10,5,0,3,2,6,7,0,8,1.58974358974359,21,0.736842105263158,0.923076923076923,2.5,10,Inf,2.2,0.214285714285714,2,0,0.666666666666667,1.16666666666667,Inf,23,20,-5,-1,9,9,11,6,-11,5,-5,-1,1,8
2008,2,1,0,0,0,0,0,1,0,0,0,0,0,0,0,0,0,0,0,1,0,0,0,0,0,0,0,0,0,40,62,1,21,19,14,14,12,6,15,1,10,0,11,5,11,14,3,6,10,5,0,3,2,6,7,0,8,1.55,21,0.736842105263158,0.857142857142857,2.5,10,Inf,2.2,0.214285714285714,1.66666666666667,0,0.666666666666667,1.16666666666667,Inf,22,20,-5,-2,9,9,11,6,-11,4,-5,-1,1,8
2008,3,1,0,0,0,0,0,0,0,1,0,0,0,0,0,0,0,0,0,0,0,0,0,0,0,1,0,0,0,41,62,1,21,19,14,14,12,7,15,1,10,0,11,5,11,14,3,6,10,5,0,3,2,7,7,0,8,1.51219512195122,21,0.736842105263158,0.857142857142857,2.14285714285714,10,Inf,2.2,0.214285714285714,1.66666666666667,0,0.666666666666667,1,Inf,21,20,-5,-2,8,9,11,6,-11,4,-5,-1,0,8
2008,4,0,1,0,1,0,0,0,0,0,0,0,0,0,1,0,0,0,0,0,0,0,0,0,0,0,0,0,0,41,63,1,22,19,14,14,12,7,15,1,10,0,12,5,11,14,3,6,10,5,0,3,2,7,7,0,8,1.53658536585366,22,0.736842105263158,0.857142857142857,2.14285714285714,10,Inf,2.2,0.214285714285714,1.66666666666667,0,0.666666666666667,1,Inf,22,21,-5,-2,8,9,12,6,-11,4,-5,-1,0,8
2008,5,0,0,0,0,0,0,0,0,0,0,0,0,0,0,0,0,0,0,0,0,0,0,0,0,0,0,0,0,41,63,1,22,19,14,14,12,7,15,1,10,0,12,5,11,14,3,6,10,5,0,3,2,7,7,0,8,1.53658536585366,22,0.736842105263158,0.857142857142857,2.14285714285714,10,Inf,2.2,0.214285714285714,1.66666666666667,0,0.666666666666667,1,Inf,22,21,-5,-2,8,9,12,6,-11,4,-5,-1,0,8
2008,6,0,2,0,0,0,2,0,0,0,0,0,0,0,0,0,2,0,0,0,0,0,0,0,0,0,0,0,0,41,65,1,22,19,16,14,12,7,15,1,10,0,12,5,13,14,3,6,10,5,0,3,2,7,7,0,8,1.58536585365854,22,0.842105263157895,0.857142857142857,2.14285714285714,10,Inf,2.6,0.214285714285714,1.66666666666667,0,0.666666666666667,1,Inf,24,21,-3,-2,8,9,12,8,-11,4,-5,-1,0,8
2008,7,1,2,0,1,0,0,0,1,1,0,0,0,0,1,0,0,0,0,0,1,0,0,0,0,1,0,0,0,42,67,1,23,19,16,14,13,8,15,1,10,0,13,5,13,14,3,6,11,5,0,3,2,8,7,0,8,1.5952380952381,23,0.842105263157895,0.928571428571429,1.875,10,Inf,2.6,0.214285714285714,1.83333333333333,0,0.666666666666667,0.875,Inf,25,22,-3,-1,7,9,13,8,-11,5,-5,-1,-1,8
2008,8,0,1,0,0,0,1,0,0,0,0,0,0,0,0,0,0,0,1,0,0,0,0,0,0,0,0,0,0,42,68,1,23,19,17,14,13,8,15,1,10,0,13,5,13,14,4,6,11,5,0,3,2,8,7,0,8,1.61904761904762,23,0.894736842105263,0.928571428571429,1.875,10,Inf,2.6,0.285714285714286,1.83333333333333,0,0.666666666666667,0.875,Inf,26,22,-2,-1,7,9,13,8,-10,5,-5,-1,-1,8
2008,9,1,0,0,0,1,0,0,0,0,0,0,0,0,0,1,0,0,0,0,0,0,0,0,0,0,0,0,0,43,68,1,23,20,17,14,13,8,15,1,10,0,13,6,13,14,4,6,11,5,0,3,2,8,7,0,8,1.58139534883721,23,0.85,0.928571428571429,1.875,10,Inf,2.16666666666667,0.285714285714286,1.83333333333333,0,0.666666666666667,0.875,Inf,25,22,-3,-1,7,9,13,7,-10,5,-5,-1,-1,8
2008,10,0,1,0,1,0,0,0,0,0,0,0,0,0,1,0,0,0,0,0,0,0,0,0,0,0,0,0,0,43,69,1,24,20,17,14,13,8,15,1,10,0,14,6,13,14,4,6,11,5,0,3,2,8,7,0,8,1.6046511627907,24,0.85,0.928571428571429,1.875,10,Inf,2.16666666666667,0.285714285714286,1.83333333333333,0,0.666666666666667,0.875,Inf,26,23,-3,-1,7,9,14,7,-10,5,-5,-1,-1,8
2008,11,0,0,0,0,0,0,0,0,0,0,0,0,0,0,0,0,0,0,0,0,0,0,0,0,0,0,0,0,43,69,1,24,20,17,14,13,8,15,1,10,0,14,6,13,14,4,6,11,5,0,3,2,8,7,0,8,1.6046511627907,24,0.85,0.928571428571429,1.875,10,Inf,2.16666666666667,0.285714285714286,1.83333333333333,0,0.666666666666667,0.875,Inf,26,23,-3,-1,7,9,14,7,-10,5,-5,-1,-1,8
2008,12,0,0,0,0,0,0,0,0,0,0,0,0,0,0,0,0,0,0,0,0,0,0,0,0,0,0,0,0,43,69,1,24,20,17,14,13,8,15,1,10,0,14,6,13,14,4,6,11,5,0,3,2,8,7,0,8,1.6046511627907,24,0.85,0.928571428571429,1.875,10,Inf,2.16666666666667,0.285714285714286,1.83333333333333,0,0.666666666666667,0.875,Inf,26,23,-3,-1,7,9,14,7,-10,5,-5,-1,-1,8
2009,1,0,1,0,0,0,1,0,0,0,0,0,0,0,0,0,1,0,0,0,0,0,0,0,0,0,0,0,0,43,70,1,24,20,18,14,13,8,15,1,10,0,14,6,14,14,4,6,11,5,0,3,2,8,7,0,8,1.62790697674419,24,0.9,0.928571428571429,1.875,10,Inf,2.33333333333333,0.285714285714286,1.83333333333333,0,0.666666666666667,0.875,Inf,27,23,-2,-1,7,9,14,8,-10,5,-5,-1,-1,8
2009,2,0,0,0,0,0,0,0,0,0,0,0,0,0,0,0,0,0,0,0,0,0,0,0,0,0,0,0,0,43,70,1,24,20,18,14,13,8,15,1,10,0,14,6,14,14,4,6,11,5,0,3,2,8,7,0,8,1.62790697674419,24,0.9,0.928571428571429,1.875,10,Inf,2.33333333333333,0.285714285714286,1.83333333333333,0,0.666666666666667,0.875,Inf,27,23,-2,-1,7,9,14,8,-10,5,-5,-1,-1,8
2009,3,0,0,0,0,0,0,0,0,0,0,0,0,0,0,0,0,0,0,0,0,0,0,0,0,0,0,0,0,43,70,1,24,20,18,14,13,8,15,1,10,0,14,6,14,14,4,6,11,5,0,3,2,8,7,0,8,1.62790697674419,24,0.9,0.928571428571429,1.875,10,Inf,2.33333333333333,0.285714285714286,1.83333333333333,0,0.666666666666667,0.875,Inf,27,23,-2,-1,7,9,14,8,-10,5,-5,-1,-1,8
2009,4,1,0,0,0,0,0,0,0,1,0,0,0,0,0,0,0,0,0,0,0,0,0,0,0,1,0,0,0,44,70,1,24,20,18,14,13,9,15,1,10,0,14,6,14,14,4,6,11,5,0,3,2,9,7,0,8,1.59090909090909,24,0.9,0.928571428571429,1.66666666666667,10,Inf,2.33333333333333,0.285714285714286,1.83333333333333,0,0.666666666666667,0.777777777777778,Inf,26,23,-2,-1,6,9,14,8,-10,5,-5,-1,-2,8
2009,5,1,2,0,1,0,0,1,0,0,1,0,0,0,1,0,0,0,0,0,0,1,0,0,0,0,1,0,0,45,72,1,25,20,18,15,13,9,16,1,10,0,15,6,14,14,4,6,11,6,0,3,2,9,8,0,8,1.6,25,0.9,0.866666666666667,1.77777777777778,10,Inf,2.33333333333333,0.285714285714286,1.83333333333333,0,0.666666666666667,0.888888888888889,Inf,27,24,-2,-2,7,9,15,8,-10,5,-6,-1,-1,8
2009,6,0,1,0,0,0,0,0,1,0,0,0,0,0,0,0,0,0,0,0,1,0,0,0,0,0,0,0,0,45,73,1,25,20,18,15,14,9,16,1,10,0,15,6,14,14,4,6,12,6,0,3,2,9,8,0,8,1.62222222222222,25,0.9,0.933333333333333,1.77777777777778,10,Inf,2.33333333333333,0.285714285714286,2,0,0.666666666666667,0.888888888888889,Inf,28,24,-2,-1,7,9,15,8,-10,6,-6,-1,-1,8
2009,7,1,3,0,1,1,0,0,1,0,1,0,1,0,0,0,0,1,0,0,0,0,1,0,0,0,1,0,0,46,76,1,26,21,18,15,15,9,17,1,11,0,15,6,14,15,4,6,12,6,1,3,2,9,9,0,8,1.65217391304348,26,0.857142857142857,1,1.88888888888889,11,Inf,2.33333333333333,0.266666666666667,2,0.166666666666667,0.666666666666667,1,Inf,30,25,-3,0,8,10,15,8,-11,6,-5,-1,0,8
2009,8,1,2,0,0,1,2,0,0,0,0,0,0,0,0,0,0,1,2,0,0,0,0,0,0,0,0,0,0,47,78,1,26,22,20,15,15,9,17,1,11,0,15,6,14,16,6,6,12,6,1,3,2,9,9,0,8,1.65957446808511,26,0.909090909090909,1,1.88888888888889,11,Inf,2.33333333333333,0.375,2,0.166666666666667,0.666666666666667,1,Inf,31,25,-2,0,8,10,15,8,-10,6,-5,-1,0,8
2009,9,0,1,0,0,0,0,0,0,0,1,0,0,0,0,0,0,0,0,0,0,0,0,0,0,0,1,0,0,47,79,1,26,22,20,15,15,9,18,1,11,0,15,6,14,16,6,6,12,6,1,3,2,9,10,0,8,1.68085106382979,26,0.909090909090909,1,2,11,Inf,2.33333333333333,0.375,2,0.166666666666667,0.666666666666667,1.11111111111111,Inf,32,25,-2,0,9,10,15,8,-10,6,-5,-1,1,8
2009,10,0,0,0,0,0,0,0,0,0,0,0,0,0,0,0,0,0,0,0,0,0,0,0,0,0,0,0,0,47,79,1,26,22,20,15,15,9,18,1,11,0,15,6,14,16,6,6,12,6,1,3,2,9,10,0,8,1.68085106382979,26,0.909090909090909,1,2,11,Inf,2.33333333333333,0.375,2,0.166666666666667,0.666666666666667,1.11111111111111,Inf,32,25,-2,0,9,10,15,8,-10,6,-5,-1,1,8
2009,11,0,0,0,0,0,0,0,0,0,0,0,0,0,0,0,0,0,0,0,0,0,0,0,0,0,0,0,0,47,79,1,26,22,20,15,15,9,18,1,11,0,15,6,14,16,6,6,12,6,1,3,2,9,10,0,8,1.68085106382979,26,0.909090909090909,1,2,11,Inf,2.33333333333333,0.375,2,0.166666666666667,0.666666666666667,1.11111111111111,Inf,32,25,-2,0,9,10,15,8,-10,6,-5,-1,1,8
2009,12,0,0,0,0,0,0,0,0,0,0,0,0,0,0,0,0,0,0,0,0,0,0,0,0,0,0,0,0,47,79,1,26,22,20,15,15,9,18,1,11,0,15,6,14,16,6,6,12,6,1,3,2,9,10,0,8,1.68085106382979,26,0.909090909090909,1,2,11,Inf,2.33333333333333,0.375,2,0.166666666666667,0.666666666666667,1.11111111111111,Inf,32,25,-2,0,9,10,15,8,-10,6,-5,-1,1,8
2010,1,0,0,0,0,0,0,0,0,0,0,0,0,0,0,0,0,0,0,0,0,0,0,0,0,0,0,0,0,47,79,1,26,22,20,15,15,9,18,1,11,0,15,6,14,16,6,6,12,6,1,3,2,9,10,0,8,1.68085106382979,26,0.909090909090909,1,2,11,Inf,2.33333333333333,0.375,2,0.166666666666667,0.666666666666667,1.11111111111111,Inf,32,25,-2,0,9,10,15,8,-10,6,-5,-1,1,8
2010,2,0,0,0,0,0,0,0,0,0,0,0,0,0,0,0,0,0,0,0,0,0,0,0,0,0,0,0,0,47,79,1,26,22,20,15,15,9,18,1,11,0,15,6,14,16,6,6,12,6,1,3,2,9,10,0,8,1.68085106382979,26,0.909090909090909,1,2,11,Inf,2.33333333333333,0.375,2,0.166666666666667,0.666666666666667,1.11111111111111,Inf,32,25,-2,0,9,10,15,8,-10,6,-5,-1,1,8
2010,3,0,3,0,0,0,1,0,0,0,2,0,0,0,0,0,0,0,1,0,0,0,0,0,0,0,2,0,0,47,82,1,26,22,21,15,15,9,20,1,11,0,15,6,14,16,7,6,12,6,1,3,2,9,12,0,8,1.74468085106383,26,0.954545454545455,1,2.22222222222222,11,Inf,2.33333333333333,0.4375,2,0.166666666666667,0.666666666666667,1.33333333333333,Inf,35,25,-1,0,11,10,15,8,-9,6,-5,-1,3,8
2010,4,0,0,0,0,0,0,0,0,0,0,0,0,0,0,0,0,0,0,0,0,0,0,0,0,0,0,0,0,47,82,1,26,22,21,15,15,9,20,1,11,0,15,6,14,16,7,6,12,6,1,3,2,9,12,0,8,1.74468085106383,26,0.954545454545455,1,2.22222222222222,11,Inf,2.33333333333333,0.4375,2,0.166666666666667,0.666666666666667,1.33333333333333,Inf,35,25,-1,0,11,10,15,8,-9,6,-5,-1,3,8
2010,5,0,1,0,0,0,1,0,0,0,0,0,0,0,0,0,1,0,0,0,0,0,0,0,0,0,0,0,0,47,83,1,26,22,22,15,15,9,20,1,11,0,15,6,15,16,7,6,12,6,1,3,2,9,12,0,8,1.76595744680851,26,1,1,2.22222222222222,11,Inf,2.5,0.4375,2,0.166666666666667,0.666666666666667,1.33333333333333,Inf,36,25,0,0,11,10,15,9,-9,6,-5,-1,3,8
2010,6,0,0,0,0,0,0,0,0,0,0,0,0,0,0,0,0,0,0,0,0,0,0,0,0,0,0,0,0,47,83,1,26,22,22,15,15,9,20,1,11,0,15,6,15,16,7,6,12,6,1,3,2,9,12,0,8,1.76595744680851,26,1,1,2.22222222222222,11,Inf,2.5,0.4375,2,0.166666666666667,0.666666666666667,1.33333333333333,Inf,36,25,0,0,11,10,15,9,-9,6,-5,-1,3,8
2010,7,1,1,0,0,0,1,0,0,1,0,0,0,0,0,0,1,0,0,0,0,0,0,0,0,1,0,0,0,48,84,1,26,22,23,15,15,10,20,1,11,0,15,6,16,16,7,6,12,6,1,3,2,10,12,0,8,1.75,26,1.04545454545455,1,2,11,Inf,2.66666666666667,0.4375,2,0.166666666666667,0.666666666666667,1.2,Inf,36,25,1,0,10,10,15,10,-9,6,-5,-1,2,8
2010,8,0,0,0,0,0,0,0,0,0,0,0,0,0,0,0,0,0,0,0,0,0,0,0,0,0,0,0,0,48,84,1,26,22,23,15,15,10,20,1,11,0,15,6,16,16,7,6,12,6,1,3,2,10,12,0,8,1.75,26,1.04545454545455,1,2,11,Inf,2.66666666666667,0.4375,2,0.166666666666667,0.666666666666667,1.2,Inf,36,25,1,0,10,10,15,10,-9,6,-5,-1,2,8
2010,9,0,0,0,0,0,0,0,0,0,0,0,0,0,0,0,0,0,0,0,0,0,0,0,0,0,0,0,0,48,84,1,26,22,23,15,15,10,20,1,11,0,15,6,16,16,7,6,12,6,1,3,2,10,12,0,8,1.75,26,1.04545454545455,1,2,11,Inf,2.66666666666667,0.4375,2,0.166666666666667,0.666666666666667,1.2,Inf,36,25,1,0,10,10,15,10,-9,6,-5,-1,2,8
2010,10,0,0,0,0,0,0,0,0,0,0,0,0,0,0,0,0,0,0,0,0,0,0,0,0,0,0,0,0,48,84,1,26,22,23,15,15,10,20,1,11,0,15,6,16,16,7,6,12,6,1,3,2,10,12,0,8,1.75,26,1.04545454545455,1,2,11,Inf,2.66666666666667,0.4375,2,0.166666666666667,0.666666666666667,1.2,Inf,36,25,1,0,10,10,15,10,-9,6,-5,-1,2,8
2010,11,0,0,0,0,0,0,0,0,0,0,0,0,0,0,0,0,0,0,0,0,0,0,0,0,0,0,0,0,48,84,1,26,22,23,15,15,10,20,1,11,0,15,6,16,16,7,6,12,6,1,3,2,10,12,0,8,1.75,26,1.04545454545455,1,2,11,Inf,2.66666666666667,0.4375,2,0.166666666666667,0.666666666666667,1.2,Inf,36,25,1,0,10,10,15,10,-9,6,-5,-1,2,8
2010,12,0,0,0,0,0,0,0,0,0,0,0,0,0,0,0,0,0,0,0,0,0,0,0,0,0,0,0,0,48,84,1,26,22,23,15,15,10,20,1,11,0,15,6,16,16,7,6,12,6,1,3,2,10,12,0,8,1.75,26,1.04545454545455,1,2,11,Inf,2.66666666666667,0.4375,2,0.166666666666667,0.666666666666667,1.2,Inf,36,25,1,0,10,10,15,10,-9,6,-5,-1,2,8
2011,1,2,0,0,0,1,0,1,0,0,0,0,0,0,0,0,0,1,0,1,0,0,0,0,0,0,0,0,0,50,84,1,26,23,23,16,15,10,20,1,11,0,15,6,16,17,7,7,12,6,1,3,2,10,12,0,8,1.68,26,1,0.9375,2,11,Inf,2.66666666666667,0.411764705882353,1.71428571428571,0.166666666666667,0.666666666666667,1.2,Inf,34,25,0,-1,10,10,15,10,-10,5,-5,-1,2,8
2011,2,0,0,0,0,0,0,0,0,0,0,0,0,0,0,0,0,0,0,0,0,0,0,0,0,0,0,0,0,50,84,1,26,23,23,16,15,10,20,1,11,0,15,6,16,17,7,7,12,6,1,3,2,10,12,0,8,1.68,26,1,0.9375,2,11,Inf,2.66666666666667,0.411764705882353,1.71428571428571,0.166666666666667,0.666666666666667,1.2,Inf,34,25,0,-1,10,10,15,10,-10,5,-5,-1,2,8
2011,3,0,0,0,0,0,0,0,0,0,0,0,0,0,0,0,0,0,0,0,0,0,0,0,0,0,0,0,0,50,84,1,26,23,23,16,15,10,20,1,11,0,15,6,16,17,7,7,12,6,1,3,2,10,12,0,8,1.68,26,1,0.9375,2,11,Inf,2.66666666666667,0.411764705882353,1.71428571428571,0.166666666666667,0.666666666666667,1.2,Inf,34,25,0,-1,10,10,15,10,-10,5,-5,-1,2,8
2011,4,0,0,0,0,0,0,0,0,0,0,0,0,0,0,0,0,0,0,0,0,0,0,0,0,0,0,0,0,50,84,1,26,23,23,16,15,10,20,1,11,0,15,6,16,17,7,7,12,6,1,3,2,10,12,0,8,1.68,26,1,0.9375,2,11,Inf,2.66666666666667,0.411764705882353,1.71428571428571,0.166666666666667,0.666666666666667,1.2,Inf,34,25,0,-1,10,10,15,10,-10,5,-5,-1,2,8
2011,5,0,0,0,0,0,0,0,0,0,0,0,0,0,0,0,0,0,0,0,0,0,0,0,0,0,0,0,0,50,84,1,26,23,23,16,15,10,20,1,11,0,15,6,16,17,7,7,12,6,1,3,2,10,12,0,8,1.68,26,1,0.9375,2,11,Inf,2.66666666666667,0.411764705882353,1.71428571428571,0.166666666666667,0.666666666666667,1.2,Inf,34,25,0,-1,10,10,15,10,-10,5,-5,-1,2,8
2011,6,0,0,0,0,0,0,0,0,0,0,0,0,0,0,0,0,0,0,0,0,0,0,0,0,0,0,0,0,50,84,1,26,23,23,16,15,10,20,1,11,0,15,6,16,17,7,7,12,6,1,3,2,10,12,0,8,1.68,26,1,0.9375,2,11,Inf,2.66666666666667,0.411764705882353,1.71428571428571,0.166666666666667,0.666666666666667,1.2,Inf,34,25,0,-1,10,10,15,10,-10,5,-5,-1,2,8
2011,7,5,1,0,0,3,1,1,0,1,0,0,0,0,0,3,0,0,1,0,0,1,0,0,0,1,0,0,0,55,85,1,26,26,24,17,15,11,20,1,11,0,15,9,16,17,8,7,12,7,1,3,2,11,12,0,8,1.54545454545455,26,0.923076923076923,0.882352941176471,1.81818181818182,11,Inf,1.77777777777778,0.470588235294118,1.71428571428571,0.142857142857143,0.666666666666667,1.09090909090909,Inf,30,25,-2,-2,9,10,15,7,-9,5,-6,-1,1,8
2011,8,1,0,1,0,0,0,0,0,0,0,0,0,1,0,0,0,0,0,0,0,0,0,0,0,0,0,0,0,56,85,2,26,26,24,17,15,11,20,1,11,1,15,9,16,17,8,7,12,7,1,3,2,11,12,0,8,1.51785714285714,13,0.923076923076923,0.882352941176471,1.81818181818182,11,15,1.77777777777778,0.470588235294118,1.71428571428571,0.142857142857143,0.666666666666667,1.09090909090909,Inf,29,24,-2,-2,9,10,14,7,-9,5,-6,-1,1,8
2011,9,0,0,0,0,0,0,0,0,0,0,0,0,0,0,0,0,0,0,0,0,0,0,0,0,0,0,0,0,56,85,2,26,26,24,17,15,11,20,1,11,1,15,9,16,17,8,7,12,7,1,3,2,11,12,0,8,1.51785714285714,13,0.923076923076923,0.882352941176471,1.81818181818182,11,15,1.77777777777778,0.470588235294118,1.71428571428571,0.142857142857143,0.666666666666667,1.09090909090909,Inf,29,24,-2,-2,9,10,14,7,-9,5,-6,-1,1,8
2011,10,1,0,0,0,0,0,0,0,1,0,0,0,0,0,0,0,0,0,0,0,0,0,0,0,1,0,0,0,57,85,2,26,26,24,17,15,12,20,1,11,1,15,9,16,17,8,7,12,7,1,3,2,12,12,0,8,1.49122807017544,13,0.923076923076923,0.882352941176471,1.66666666666667,11,15,1.77777777777778,0.470588235294118,1.71428571428571,0.142857142857143,0.666666666666667,1,Inf,28,24,-2,-2,8,10,14,7,-9,5,-6,-1,0,8
2011,11,1,1,1,0,0,1,0,0,0,0,1,0,0,0,0,1,0,0,0,0,0,0,0,0,0,0,0,0,58,86,3,26,26,25,17,15,12,20,2,11,1,15,9,17,17,8,7,12,7,1,3,2,12,12,0,8,1.48275862068966,8.66666666666667,0.961538461538462,0.882352941176471,1.66666666666667,5.5,15,1.88888888888889,0.470588235294118,1.71428571428571,0.142857142857143,0.666666666666667,1,Inf,28,23,-1,-2,8,9,14,8,-9,5,-6,-1,0,8
2011,12,2,0,0,0,1,0,1,0,0,0,0,0,0,0,1,0,0,0,1,0,0,0,0,0,0,0,0,0,60,86,3,26,27,25,18,15,12,20,2,11,1,15,10,17,17,8,8,12,7,1,3,2,12,12,0,8,1.43333333333333,8.66666666666667,0.925925925925926,0.833333333333333,1.66666666666667,5.5,15,1.7,0.470588235294118,1.5,0.142857142857143,0.666666666666667,1,Inf,26,23,-2,-3,8,9,14,7,-9,4,-6,-1,0,8
2012,1,0,3,0,0,0,0,0,0,0,3,0,0,0,0,0,0,0,0,0,0,0,0,0,0,0,0,0,3,60,89,3,26,27,25,18,15,12,23,2,11,1,15,10,17,17,8,8,12,7,1,3,2,12,12,0,11,1.48333333333333,8.66666666666667,0.925925925925926,0.833333333333333,1.91666666666667,5.5,15,1.7,0.470588235294118,1.5,0.142857142857143,0.666666666666667,1,Inf,29,23,-2,-3,11,9,14,7,-9,4,-6,-1,0,11
2012,2,0,0,0,0,0,0,0,0,0,0,0,0,0,0,0,0,0,0,0,0,0,0,0,0,0,0,0,0,60,89,3,26,27,25,18,15,12,23,2,11,1,15,10,17,17,8,8,12,7,1,3,2,12,12,0,11,1.48333333333333,8.66666666666667,0.925925925925926,0.833333333333333,1.91666666666667,5.5,15,1.7,0.470588235294118,1.5,0.142857142857143,0.666666666666667,1,Inf,29,23,-2,-3,11,9,14,7,-9,4,-6,-1,0,11
2012,3,1,0,0,0,0,0,0,0,1,0,0,0,0,0,0,0,0,0,0,0,0,0,0,0,1,0,0,0,61,89,3,26,27,25,18,15,13,23,2,11,1,15,10,17,17,8,8,12,7,1,3,2,13,12,0,11,1.45901639344262,8.66666666666667,0.925925925925926,0.833333333333333,1.76923076923077,5.5,15,1.7,0.470588235294118,1.5,0.142857142857143,0.666666666666667,0.923076923076923,Inf,28,23,-2,-3,10,9,14,7,-9,4,-6,-1,-1,11
2012,4,0,1,0,0,0,1,0,0,0,0,0,0,0,0,0,0,0,1,0,0,0,0,0,0,0,0,0,0,61,90,3,26,27,26,18,15,13,23,2,11,1,15,10,17,17,9,8,12,7,1,3,2,13,12,0,11,1.47540983606557,8.66666666666667,0.962962962962963,0.833333333333333,1.76923076923077,5.5,15,1.7,0.529411764705882,1.5,0.142857142857143,0.666666666666667,0.923076923076923,Inf,29,23,-1,-3,10,9,14,7,-8,4,-6,-1,-1,11
2012,5,0,0,0,0,0,0,0,0,0,0,0,0,0,0,0,0,0,0,0,0,0,0,0,0,0,0,0,0,61,90,3,26,27,26,18,15,13,23,2,11,1,15,10,17,17,9,8,12,7,1,3,2,13,12,0,11,1.47540983606557,8.66666666666667,0.962962962962963,0.833333333333333,1.76923076923077,5.5,15,1.7,0.529411764705882,1.5,0.142857142857143,0.666666666666667,0.923076923076923,Inf,29,23,-1,-3,10,9,14,7,-8,4,-6,-1,-1,11
2012,6,2,1,0,0,0,0,2,1,0,0,0,0,0,0,0,0,0,0,2,1,0,0,0,0,0,0,0,0,63,91,3,26,27,26,20,16,13,23,2,11,1,15,10,17,17,9,10,13,7,1,3,2,13,12,0,11,1.44444444444444,8.66666666666667,0.962962962962963,0.8,1.76923076923077,5.5,15,1.7,0.529411764705882,1.3,0.142857142857143,0.666666666666667,0.923076923076923,Inf,28,23,-1,-4,10,9,14,7,-8,3,-6,-1,-1,11
2012,7,1,0,0,0,0,0,1,0,0,0,0,0,0,0,0,0,0,0,1,0,0,0,0,0,0,0,0,0,64,91,3,26,27,26,21,16,13,23,2,11,1,15,10,17,17,9,11,13,7,1,3,2,13,12,0,11,1.421875,8.66666666666667,0.962962962962963,0.761904761904762,1.76923076923077,5.5,15,1.7,0.529411764705882,1.18181818181818,0.142857142857143,0.666666666666667,0.923076923076923,Inf,27,23,-1,-5,10,9,14,7,-8,2,-6,-1,-1,11
2012,8,0,0,0,0,0,0,0,0,0,0,0,0,0,0,0,0,0,0,0,0,0,0,0,0,0,0,0,0,64,91,3,26,27,26,21,16,13,23,2,11,1,15,10,17,17,9,11,13,7,1,3,2,13,12,0,11,1.421875,8.66666666666667,0.962962962962963,0.761904761904762,1.76923076923077,5.5,15,1.7,0.529411764705882,1.18181818181818,0.142857142857143,0.666666666666667,0.923076923076923,Inf,27,23,-1,-5,10,9,14,7,-8,2,-6,-1,-1,11
2012,9,0,0,0,0,0,0,0,0,0,0,0,0,0,0,0,0,0,0,0,0,0,0,0,0,0,0,0,0,64,91,3,26,27,26,21,16,13,23,2,11,1,15,10,17,17,9,11,13,7,1,3,2,13,12,0,11,1.421875,8.66666666666667,0.962962962962963,0.761904761904762,1.76923076923077,5.5,15,1.7,0.529411764705882,1.18181818181818,0.142857142857143,0.666666666666667,0.923076923076923,Inf,27,23,-1,-5,10,9,14,7,-8,2,-6,-1,-1,11
2012,10,1,1,0,1,1,0,0,0,0,0,0,1,0,0,0,0,1,0,0,0,0,0,0,0,0,0,0,0,65,92,3,27,28,26,21,16,13,23,2,12,1,15,10,17,18,9,11,13,7,1,3,2,13,12,0,11,1.41538461538462,9,0.928571428571429,0.761904761904762,1.76923076923077,6,15,1.7,0.5,1.18181818181818,0.142857142857143,0.666666666666667,0.923076923076923,Inf,27,24,-2,-5,10,10,14,7,-9,2,-6,-1,-1,11
2012,11,0,0,0,0,0,0,0,0,0,0,0,0,0,0,0,0,0,0,0,0,0,0,0,0,0,0,0,0,65,92,3,27,28,26,21,16,13,23,2,12,1,15,10,17,18,9,11,13,7,1,3,2,13,12,0,11,1.41538461538462,9,0.928571428571429,0.761904761904762,1.76923076923077,6,15,1.7,0.5,1.18181818181818,0.142857142857143,0.666666666666667,0.923076923076923,Inf,27,24,-2,-5,10,10,14,7,-9,2,-6,-1,-1,11
2012,12,0,0,0,0,0,0,0,0,0,0,0,0,0,0,0,0,0,0,0,0,0,0,0,0,0,0,0,0,65,92,3,27,28,26,21,16,13,23,2,12,1,15,10,17,18,9,11,13,7,1,3,2,13,12,0,11,1.41538461538462,9,0.928571428571429,0.761904761904762,1.76923076923077,6,15,1.7,0.5,1.18181818181818,0.142857142857143,0.666666666666667,0.923076923076923,Inf,27,24,-2,-5,10,10,14,7,-9,2,-6,-1,-1,11
2013,1,0,3,0,1,0,0,0,0,0,2,0,0,0,1,0,0,0,0,0,0,0,0,0,0,0,0,0,2,65,95,3,28,28,26,21,16,13,25,2,12,1,16,10,17,18,9,11,13,7,1,3,2,13,12,0,13,1.46153846153846,9.33333333333333,0.928571428571429,0.761904761904762,1.92307692307692,6,16,1.7,0.5,1.18181818181818,0.142857142857143,0.666666666666667,0.923076923076923,Inf,30,25,-2,-5,12,10,15,7,-9,2,-6,-1,-1,13
2013,2,0,0,0,0,0,0,0,0,0,0,0,0,0,0,0,0,0,0,0,0,0,0,0,0,0,0,0,0,65,95,3,28,28,26,21,16,13,25,2,12,1,16,10,17,18,9,11,13,7,1,3,2,13,12,0,13,1.46153846153846,9.33333333333333,0.928571428571429,0.761904761904762,1.92307692307692,6,16,1.7,0.5,1.18181818181818,0.142857142857143,0.666666666666667,0.923076923076923,Inf,30,25,-2,-5,12,10,15,7,-9,2,-6,-1,-1,13
2013,3,0,2,0,2,0,0,0,0,0,0,0,0,0,2,0,0,0,0,0,0,0,0,0,0,0,0,0,0,65,97,3,30,28,26,21,16,13,25,2,12,1,18,10,17,18,9,11,13,7,1,3,2,13,12,0,13,1.49230769230769,10,0.928571428571429,0.761904761904762,1.92307692307692,6,18,1.7,0.5,1.18181818181818,0.142857142857143,0.666666666666667,0.923076923076923,Inf,32,27,-2,-5,12,10,17,7,-9,2,-6,-1,-1,13
2013,4,0,3,0,3,0,0,0,0,0,0,0,3,0,0,0,0,0,0,0,0,0,0,0,0,0,0,0,0,65,100,3,33,28,26,21,16,13,25,2,15,1,18,10,17,18,9,11,13,7,1,3,2,13,12,0,13,1.53846153846154,11,0.928571428571429,0.761904761904762,1.92307692307692,7.5,18,1.7,0.5,1.18181818181818,0.142857142857143,0.666666666666667,0.923076923076923,Inf,35,30,-2,-5,12,13,17,7,-9,2,-6,-1,-1,13
2013,5,0,1,0,0,0,0,0,0,0,1,0,0,0,0,0,0,0,0,0,0,0,0,0,0,0,1,0,0,65,101,3,33,28,26,21,16,13,26,2,15,1,18,10,17,18,9,11,13,7,1,3,2,13,13,0,13,1.55384615384615,11,0.928571428571429,0.761904761904762,2,7.5,18,1.7,0.5,1.18181818181818,0.142857142857143,0.666666666666667,1,Inf,36,30,-2,-5,13,13,17,7,-9,2,-6,-1,0,13
2013,6,0,2,0,0,0,1,0,1,0,0,0,0,0,0,0,1,0,0,0,1,0,0,0,0,0,0,0,0,65,103,3,33,28,27,21,17,13,26,2,15,1,18,10,18,18,9,11,14,7,1,3,2,13,13,0,13,1.58461538461538,11,0.964285714285714,0.80952380952381,2,7.5,18,1.8,0.5,1.27272727272727,0.142857142857143,0.666666666666667,1,Inf,38,30,-1,-4,13,13,17,8,-9,3,-6,-1,0,13
2013,7,2,4,0,1,2,1,0,1,0,1,0,1,0,0,2,1,0,0,0,1,0,0,0,0,0,1,0,0,67,107,3,34,30,28,21,18,13,27,2,16,1,18,12,19,18,9,11,15,7,1,3,2,13,14,0,13,1.59701492537313,11.3333333333333,0.933333333333333,0.857142857142857,2.07692307692308,8,18,1.58333333333333,0.5,1.36363636363636,0.142857142857143,0.666666666666667,1.07692307692308,Inf,40,31,-2,-3,14,14,17,7,-9,4,-6,-1,1,13
2013,8,1,3,0,0,0,2,1,1,0,0,0,0,0,0,0,2,0,0,0,1,1,0,0,0,0,0,0,0,68,110,3,34,30,30,22,19,13,27,2,16,1,18,12,21,18,9,11,16,8,1,3,2,13,14,0,13,1.61764705882353,11.3333333333333,1,0.863636363636364,2.07692307692308,8,18,1.75,0.5,1.45454545454545,0.125,0.666666666666667,1.07692307692308,Inf,42,31,0,-3,14,14,17,9,-9,5,-7,-1,1,13
2013,9,0,2,0,1,0,1,0,0,0,0,0,0,0,1,0,0,0,1,0,0,0,0,0,0,0,0,0,0,68,112,3,35,30,31,22,19,13,27,2,16,1,19,12,21,18,10,11,16,8,1,3,2,13,14,0,13,1.64705882352941,11.6666666666667,1.03333333333333,0.863636363636364,2.07692307692308,8,19,1.75,0.555555555555556,1.45454545454545,0.125,0.666666666666667,1.07692307692308,Inf,44,32,1,-3,14,14,18,9,-8,5,-7,-1,1,13
2013,10,1,11,0,3,0,0,1,8,0,0,0,3,0,0,0,0,0,0,1,8,0,0,0,0,0,0,0,0,69,123,3,38,30,31,23,27,13,27,2,19,1,19,12,21,18,10,12,24,8,1,3,2,13,14,0,13,1.78260869565217,12.6666666666667,1.03333333333333,1.17391304347826,2.07692307692308,9.5,19,1.75,0.555555555555556,2,0.125,0.666666666666667,1.07692307692308,Inf,54,35,1,4,14,17,18,9,-8,12,-7,-1,1,13
2013,11,0,0,0,0,0,0,0,0,0,0,0,0,0,0,0,0,0,0,0,0,0,0,0,0,0,0,0,0,69,123,3,38,30,31,23,27,13,27,2,19,1,19,12,21,18,10,12,24,8,1,3,2,13,14,0,13,1.78260869565217,12.6666666666667,1.03333333333333,1.17391304347826,2.07692307692308,9.5,19,1.75,0.555555555555556,2,0.125,0.666666666666667,1.07692307692308,Inf,54,35,1,4,14,17,18,9,-8,12,-7,-1,1,13
2013,12,0,0,0,0,0,0,0,0,0,0,0,0,0,0,0,0,0,0,0,0,0,0,0,0,0,0,0,0,69,123,3,38,30,31,23,27,13,27,2,19,1,19,12,21,18,10,12,24,8,1,3,2,13,14,0,13,1.78260869565217,12.6666666666667,1.03333333333333,1.17391304347826,2.07692307692308,9.5,19,1.75,0.555555555555556,2,0.125,0.666666666666667,1.07692307692308,Inf,54,35,1,4,14,17,18,9,-8,12,-7,-1,1,13
2014,1,0,5,0,1,0,0,0,0,0,4,0,0,0,1,0,0,0,0,0,0,0,0,0,0,0,0,0,4,69,128,3,39,30,31,23,27,13,31,2,19,1,20,12,21,18,10,12,24,8,1,3,2,13,14,0,17,1.85507246376812,13,1.03333333333333,1.17391304347826,2.38461538461538,9.5,20,1.75,0.555555555555556,2,0.125,0.666666666666667,1.07692307692308,Inf,59,36,1,4,18,17,19,9,-8,12,-7,-1,1,17
2014,2,0,0,0,0,0,0,0,0,0,0,0,0,0,0,0,0,0,0,0,0,0,0,0,0,0,0,0,0,69,128,3,39,30,31,23,27,13,31,2,19,1,20,12,21,18,10,12,24,8,1,3,2,13,14,0,17,1.85507246376812,13,1.03333333333333,1.17391304347826,2.38461538461538,9.5,20,1.75,0.555555555555556,2,0.125,0.666666666666667,1.07692307692308,Inf,59,36,1,4,18,17,19,9,-8,12,-7,-1,1,17
2014,3,0,1,0,0,0,0,0,0,0,1,0,0,0,0,0,0,0,0,0,0,0,0,0,0,0,0,0,1,69,129,3,39,30,31,23,27,13,32,2,19,1,20,12,21,18,10,12,24,8,1,3,2,13,14,0,18,1.8695652173913,13,1.03333333333333,1.17391304347826,2.46153846153846,9.5,20,1.75,0.555555555555556,2,0.125,0.666666666666667,1.07692307692308,Inf,60,36,1,4,19,17,19,9,-8,12,-7,-1,1,18
2014,4,1,2,1,2,0,0,0,0,0,0,1,2,0,0,0,0,0,0,0,0,0,0,0,0,0,0,0,0,70,131,4,41,30,31,23,27,13,32,3,21,1,20,12,21,18,10,12,24,8,1,3,2,13,14,0,18,1.87142857142857,10.25,1.03333333333333,1.17391304347826,2.46153846153846,7,20,1.75,0.555555555555556,2,0.125,0.666666666666667,1.07692307692308,Inf,61,37,1,4,19,18,19,9,-8,12,-7,-1,1,18
2014,5,0,1,0,0,0,0,0,1,0,0,0,0,0,0,0,0,0,0,0,0,0,0,0,1,0,0,0,0,70,132,4,41,30,31,23,28,13,32,3,21,1,20,12,21,18,10,12,24,8,1,3,3,13,14,0,18,1.88571428571429,10.25,1.03333333333333,1.21739130434783,2.46153846153846,7,20,1.75,0.555555555555556,2,0.125,1,1.07692307692308,Inf,62,37,1,5,19,18,19,9,-8,12,-7,0,1,18
2014,6,0,0,0,0,0,0,0,0,0,0,0,0,0,0,0,0,0,0,0,0,0,0,0,0,0,0,0,0,70,132,4,41,30,31,23,28,13,32,3,21,1,20,12,21,18,10,12,24,8,1,3,3,13,14,0,18,1.88571428571429,10.25,1.03333333333333,1.21739130434783,2.46153846153846,7,20,1.75,0.555555555555556,2,0.125,1,1.07692307692308,Inf,62,37,1,5,19,18,19,9,-8,12,-7,0,1,18
2014,7,2,0,0,0,0,0,1,0,1,0,0,0,0,0,0,0,0,0,1,0,0,0,0,0,1,0,0,0,72,132,4,41,30,31,24,28,14,32,3,21,1,20,12,21,18,10,13,24,8,1,3,3,14,14,0,18,1.83333333333333,10.25,1.03333333333333,1.16666666666667,2.28571428571429,7,20,1.75,0.555555555555556,1.84615384615385,0.125,1,1,Inf,60,37,1,4,18,18,19,9,-8,11,-7,0,0,18
2014,8,0,1,0,0,0,1,0,0,0,0,0,0,0,0,0,0,0,1,0,0,0,0,0,0,0,0,0,0,72,133,4,41,30,32,24,28,14,32,3,21,1,20,12,21,18,11,13,24,8,1,3,3,14,14,0,18,1.84722222222222,10.25,1.06666666666667,1.16666666666667,2.28571428571429,7,20,1.75,0.611111111111111,1.84615384615385,0.125,1,1,Inf,61,37,2,4,18,18,19,9,-7,11,-7,0,0,18
2014,9,0,0,0,0,0,0,0,0,0,0,0,0,0,0,0,0,0,0,0,0,0,0,0,0,0,0,0,0,72,133,4,41,30,32,24,28,14,32,3,21,1,20,12,21,18,11,13,24,8,1,3,3,14,14,0,18,1.84722222222222,10.25,1.06666666666667,1.16666666666667,2.28571428571429,7,20,1.75,0.611111111111111,1.84615384615385,0.125,1,1,Inf,61,37,2,4,18,18,19,9,-7,11,-7,0,0,18
2014,10,0,0,0,0,0,0,0,0,0,0,0,0,0,0,0,0,0,0,0,0,0,0,0,0,0,0,0,0,72,133,4,41,30,32,24,28,14,32,3,21,1,20,12,21,18,11,13,24,8,1,3,3,14,14,0,18,1.84722222222222,10.25,1.06666666666667,1.16666666666667,2.28571428571429,7,20,1.75,0.611111111111111,1.84615384615385,0.125,1,1,Inf,61,37,2,4,18,18,19,9,-7,11,-7,0,0,18
2014,11,0,0,0,0,0,0,0,0,0,0,0,0,0,0,0,0,0,0,0,0,0,0,0,0,0,0,0,0,72,133,4,41,30,32,24,28,14,32,3,21,1,20,12,21,18,11,13,24,8,1,3,3,14,14,0,18,1.84722222222222,10.25,1.06666666666667,1.16666666666667,2.28571428571429,7,20,1.75,0.611111111111111,1.84615384615385,0.125,1,1,Inf,61,37,2,4,18,18,19,9,-7,11,-7,0,0,18
2014,12,1,3,0,0,0,0,0,0,1,3,0,0,0,0,0,0,0,0,0,0,0,0,0,0,0,1,1,2,73,136,4,41,30,32,24,28,15,35,3,21,1,20,12,21,18,11,13,24,8,1,3,3,14,15,1,20,1.86301369863014,10.25,1.06666666666667,1.16666666666667,2.33333333333333,7,20,1.75,0.611111111111111,1.84615384615385,0.125,1,1.07142857142857,20,63,37,2,4,20,18,19,9,-7,11,-7,0,1,19
2015,1,0,4,0,2,0,0,0,0,0,2,0,2,0,0,0,0,0,0,0,0,0,0,0,0,0,0,0,2,73,140,4,43,30,32,24,28,15,37,3,23,1,20,12,21,18,11,13,24,8,1,3,3,14,15,1,22,1.91780821917808,10.75,1.06666666666667,1.16666666666667,2.46666666666667,7.66666666666667,20,1.75,0.611111111111111,1.84615384615385,0.125,1,1.07142857142857,22,67,39,2,4,22,20,19,9,-7,11,-7,0,1,21
2015,2,0,0,0,0,0,0,0,0,0,0,0,0,0,0,0,0,0,0,0,0,0,0,0,0,0,0,0,0,73,140,4,43,30,32,24,28,15,37,3,23,1,20,12,21,18,11,13,24,8,1,3,3,14,15,1,22,1.91780821917808,10.75,1.06666666666667,1.16666666666667,2.46666666666667,7.66666666666667,20,1.75,0.611111111111111,1.84615384615385,0.125,1,1.07142857142857,22,67,39,2,4,22,20,19,9,-7,11,-7,0,1,21
2015,3,0,0,0,0,0,0,0,0,0,0,0,0,0,0,0,0,0,0,0,0,0,0,0,0,0,0,0,0,73,140,4,43,30,32,24,28,15,37,3,23,1,20,12,21,18,11,13,24,8,1,3,3,14,15,1,22,1.91780821917808,10.75,1.06666666666667,1.16666666666667,2.46666666666667,7.66666666666667,20,1.75,0.611111111111111,1.84615384615385,0.125,1,1.07142857142857,22,67,39,2,4,22,20,19,9,-7,11,-7,0,1,21
2015,4,0,0,0,0,0,0,0,0,0,0,0,0,0,0,0,0,0,0,0,0,0,0,0,0,0,0,0,0,73,140,4,43,30,32,24,28,15,37,3,23,1,20,12,21,18,11,13,24,8,1,3,3,14,15,1,22,1.91780821917808,10.75,1.06666666666667,1.16666666666667,2.46666666666667,7.66666666666667,20,1.75,0.611111111111111,1.84615384615385,0.125,1,1.07142857142857,22,67,39,2,4,22,20,19,9,-7,11,-7,0,1,21
2015,5,0,1,0,0,0,0,0,0,0,1,0,0,0,0,0,0,0,0,0,0,0,0,0,0,0,0,0,1,73,141,4,43,30,32,24,28,15,38,3,23,1,20,12,21,18,11,13,24,8,1,3,3,14,15,1,23,1.93150684931507,10.75,1.06666666666667,1.16666666666667,2.53333333333333,7.66666666666667,20,1.75,0.611111111111111,1.84615384615385,0.125,1,1.07142857142857,23,68,39,2,4,23,20,19,9,-7,11,-7,0,1,22
2015,6,1,2,0,0,1,0,0,2,0,0,0,0,0,0,1,0,0,0,0,1,0,1,0,0,0,0,0,0,74,143,4,43,31,32,24,30,15,38,3,23,1,20,13,21,18,11,13,25,8,2,3,3,14,15,1,23,1.93243243243243,10.75,1.03225806451613,1.25,2.53333333333333,7.66666666666667,20,1.61538461538462,0.611111111111111,1.92307692307692,0.25,1,1.07142857142857,23,69,39,1,6,23,20,19,8,-7,12,-6,0,1,22
2015,7,1,0,0,0,1,0,0,0,0,0,0,0,0,0,0,0,1,0,0,0,0,0,0,0,0,0,0,0,75,143,4,43,32,32,24,30,15,38,3,23,1,20,13,21,19,11,13,25,8,2,3,3,14,15,1,23,1.90666666666667,10.75,1,1.25,2.53333333333333,7.66666666666667,20,1.61538461538462,0.578947368421053,1.92307692307692,0.25,1,1.07142857142857,23,68,39,0,6,23,20,19,8,-8,12,-6,0,1,22
2015,8,0,0,0,0,0,0,0,0,0,0,0,0,0,0,0,0,0,0,0,0,0,0,0,0,0,0,0,0,75,143,4,43,32,32,24,30,15,38,3,23,1,20,13,21,19,11,13,25,8,2,3,3,14,15,1,23,1.90666666666667,10.75,1,1.25,2.53333333333333,7.66666666666667,20,1.61538461538462,0.578947368421053,1.92307692307692,0.25,1,1.07142857142857,23,68,39,0,6,23,20,19,8,-8,12,-6,0,1,22
2015,9,1,1,0,0,0,0,1,1,0,0,0,0,0,0,0,0,0,0,0,0,1,1,0,0,0,0,0,0,76,144,4,43,32,32,25,31,15,38,3,23,1,20,13,21,19,11,13,25,9,3,3,3,14,15,1,23,1.89473684210526,10.75,1,1.24,2.53333333333333,7.66666666666667,20,1.61538461538462,0.578947368421053,1.92307692307692,0.333333333333333,1,1.07142857142857,23,68,39,0,6,23,20,19,8,-8,12,-6,0,1,22
2015,10,1,3,1,0,0,0,0,1,0,2,1,0,0,0,0,0,0,0,0,0,0,1,0,0,0,2,0,0,77,147,5,43,32,32,25,32,15,40,4,23,1,20,13,21,19,11,13,25,9,4,3,3,14,17,1,23,1.90909090909091,8.6,1,1.28,2.66666666666667,5.75,20,1.61538461538462,0.578947368421053,1.92307692307692,0.444444444444444,1,1.21428571428571,23,70,38,0,7,25,19,19,8,-8,12,-5,0,3,22
2015,11,0,0,0,0,0,0,0,0,0,0,0,0,0,0,0,0,0,0,0,0,0,0,0,0,0,0,0,0,77,147,5,43,32,32,25,32,15,40,4,23,1,20,13,21,19,11,13,25,9,4,3,3,14,17,1,23,1.90909090909091,8.6,1,1.28,2.66666666666667,5.75,20,1.61538461538462,0.578947368421053,1.92307692307692,0.444444444444444,1,1.21428571428571,23,70,38,0,7,25,19,19,8,-8,12,-5,0,3,22
2015,12,0,0,0,0,0,0,0,0,0,0,0,0,0,0,0,0,0,0,0,0,0,0,0,0,0,0,0,0,77,147,5,43,32,32,25,32,15,40,4,23,1,20,13,21,19,11,13,25,9,4,3,3,14,17,1,23,1.90909090909091,8.6,1,1.28,2.66666666666667,5.75,20,1.61538461538462,0.578947368421053,1.92307692307692,0.444444444444444,1,1.21428571428571,23,70,38,0,7,25,19,19,8,-8,12,-5,0,3,22
2016,1,0,3,0,0,0,0,0,0,0,3,0,0,0,0,0,0,0,0,0,0,0,0,0,0,0,0,0,3,77,150,5,43,32,32,25,32,15,43,4,23,1,20,13,21,19,11,13,25,9,4,3,3,14,17,1,26,1.94805194805195,8.6,1,1.28,2.86666666666667,5.75,20,1.61538461538462,0.578947368421053,1.92307692307692,0.444444444444444,1,1.21428571428571,26,73,38,0,7,28,19,19,8,-8,12,-5,0,3,25
2016,2,0,1,0,0,0,0,0,1,0,0,0,0,0,0,0,0,0,0,0,1,0,0,0,0,0,0,0,0,77,151,5,43,32,32,25,33,15,43,4,23,1,20,13,21,19,11,13,26,9,4,3,3,14,17,1,26,1.96103896103896,8.6,1,1.32,2.86666666666667,5.75,20,1.61538461538462,0.578947368421053,2,0.444444444444444,1,1.21428571428571,26,74,38,0,8,28,19,19,8,-8,13,-5,0,3,25
2016,3,0,1,0,0,0,0,0,1,0,0,0,0,0,0,0,0,0,0,0,1,0,0,0,0,0,0,0,0,77,152,5,43,32,32,25,34,15,43,4,23,1,20,13,21,19,11,13,27,9,4,3,3,14,17,1,26,1.97402597402597,8.6,1,1.36,2.86666666666667,5.75,20,1.61538461538462,0.578947368421053,2.07692307692308,0.444444444444444,1,1.21428571428571,26,75,38,0,9,28,19,19,8,-8,14,-5,0,3,25
2016,4,1,0,0,0,0,0,1,0,0,0,0,0,0,0,0,0,0,0,0,0,1,0,0,0,0,0,0,0,78,152,5,43,32,32,26,34,15,43,4,23,1,20,13,21,19,11,13,27,10,4,3,3,14,17,1,26,1.94871794871795,8.6,1,1.30769230769231,2.86666666666667,5.75,20,1.61538461538462,0.578947368421053,2.07692307692308,0.4,1,1.21428571428571,26,74,38,0,8,28,19,19,8,-8,14,-6,0,3,25
2016,5,1,0,0,0,0,0,1,0,0,0,0,0,0,0,0,0,0,0,1,0,0,0,0,0,0,0,0,0,79,152,5,43,32,32,27,34,15,43,4,23,1,20,13,21,19,11,14,27,10,4,3,3,14,17,1,26,1.92405063291139,8.6,1,1.25925925925926,2.86666666666667,5.75,20,1.61538461538462,0.578947368421053,1.92857142857143,0.4,1,1.21428571428571,26,73,38,0,7,28,19,19,8,-8,13,-6,0,3,25
2016,6,0,0,0,0,0,0,0,0,0,0,0,0,0,0,0,0,0,0,0,0,0,0,0,0,0,0,0,0,79,152,5,43,32,32,27,34,15,43,4,23,1,20,13,21,19,11,14,27,10,4,3,3,14,17,1,26,1.92405063291139,8.6,1,1.25925925925926,2.86666666666667,5.75,20,1.61538461538462,0.578947368421053,1.92857142857143,0.4,1,1.21428571428571,26,73,38,0,7,28,19,19,8,-8,13,-6,0,3,25
2016,7,1,1,0,0,0,0,0,1,1,0,0,0,0,0,0,0,0,0,0,1,0,0,0,0,1,0,0,0,80,153,5,43,32,32,27,35,16,43,4,23,1,20,13,21,19,11,14,28,10,4,3,3,15,17,1,26,1.9125,8.6,1,1.2962962962963,2.6875,5.75,20,1.61538461538462,0.578947368421053,2,0.4,1,1.13333333333333,26,73,38,0,8,27,19,19,8,-8,14,-6,0,2,25
2016,8,1,0,0,0,0,0,1,0,0,0,0,0,0,0,0,0,0,0,0,0,0,0,1,0,0,0,0,0,81,153,5,43,32,32,28,35,16,43,4,23,1,20,13,21,19,11,14,28,10,4,4,3,15,17,1,26,1.88888888888889,8.6,1,1.25,2.6875,5.75,20,1.61538461538462,0.578947368421053,2,0.4,0.75,1.13333333333333,26,72,38,0,7,27,19,19,8,-8,14,-6,-1,2,25
2016,9,0,1,0,0,0,0,0,1,0,0,0,0,0,0,0,0,0,0,0,1,0,0,0,0,0,0,0,0,81,154,5,43,32,32,28,36,16,43,4,23,1,20,13,21,19,11,14,29,10,4,4,3,15,17,1,26,1.90123456790123,8.6,1,1.28571428571429,2.6875,5.75,20,1.61538461538462,0.578947368421053,2.07142857142857,0.4,0.75,1.13333333333333,26,73,38,0,8,27,19,19,8,-8,15,-6,-1,2,25
2016,10,1,1,0,1,1,0,0,0,0,0,0,1,0,0,0,0,1,0,0,0,0,0,0,0,0,0,0,0,82,155,5,44,33,32,28,36,16,43,4,24,1,20,13,21,20,11,14,29,10,4,4,3,15,17,1,26,1.89024390243902,8.8,0.96969696969697,1.28571428571429,2.6875,6,20,1.61538461538462,0.55,2.07142857142857,0.4,0.75,1.13333333333333,26,73,39,-1,8,27,20,19,8,-9,15,-6,-1,2,25
2016,11,0,1,0,0,0,0,0,0,0,1,0,0,0,0,0,0,0,0,0,0,0,0,0,0,0,0,0,1,82,156,5,44,33,32,28,36,16,44,4,24,1,20,13,21,20,11,14,29,10,4,4,3,15,17,1,27,1.90243902439024,8.8,0.96969696969697,1.28571428571429,2.75,6,20,1.61538461538462,0.55,2.07142857142857,0.4,0.75,1.13333333333333,27,74,39,-1,8,28,20,19,8,-9,15,-6,-1,2,26
2016,12,0,0,0,0,0,0,0,0,0,0,0,0,0,0,0,0,0,0,0,0,0,0,0,0,0,0,0,0,82,156,5,44,33,32,28,36,16,44,4,24,1,20,13,21,20,11,14,29,10,4,4,3,15,17,1,27,1.90243902439024,8.8,0.96969696969697,1.28571428571429,2.75,6,20,1.61538461538462,0.55,2.07142857142857,0.4,0.75,1.13333333333333,27,74,39,-1,8,28,20,19,8,-9,15,-6,-1,2,26
2017,1,1,0,0,0,1,0,0,0,0,0,0,0,0,0,0,0,1,0,0,0,0,0,0,0,0,0,0,0,83,156,5,44,34,32,28,36,16,44,4,24,1,20,13,21,21,11,14,29,10,4,4,3,15,17,1,27,1.87951807228916,8.8,0.941176470588235,1.28571428571429,2.75,6,20,1.61538461538462,0.523809523809524,2.07142857142857,0.4,0.75,1.13333333333333,27,73,39,-2,8,28,20,19,8,-10,15,-6,-1,2,26
2017,2,1,1,1,0,0,0,0,0,0,1,1,0,0,0,0,0,0,0,0,0,0,0,0,0,0,0,0,1,84,157,6,44,34,32,28,36,16,45,5,24,1,20,13,21,21,11,14,29,10,4,4,3,15,17,1,28,1.86904761904762,7.33333333333333,0.941176470588235,1.28571428571429,2.8125,4.8,20,1.61538461538462,0.523809523809524,2.07142857142857,0.4,0.75,1.13333333333333,28,73,38,-2,8,29,19,19,8,-10,15,-6,-1,2,27
2017,3,0,0,0,0,0,0,0,0,0,0,0,0,0,0,0,0,0,0,0,0,0,0,0,0,0,0,0,0,84,157,6,44,34,32,28,36,16,45,5,24,1,20,13,21,21,11,14,29,10,4,4,3,15,17,1,28,1.86904761904762,7.33333333333333,0.941176470588235,1.28571428571429,2.8125,4.8,20,1.61538461538462,0.523809523809524,2.07142857142857,0.4,0.75,1.13333333333333,28,73,38,-2,8,29,19,19,8,-10,15,-6,-1,2,27
2017,4,0,0,0,0,0,0,0,0,0,0,0,0,0,0,0,0,0,0,0,0,0,0,0,0,0,0,0,0,84,157,6,44,34,32,28,36,16,45,5,24,1,20,13,21,21,11,14,29,10,4,4,3,15,17,1,28,1.86904761904762,7.33333333333333,0.941176470588235,1.28571428571429,2.8125,4.8,20,1.61538461538462,0.523809523809524,2.07142857142857,0.4,0.75,1.13333333333333,28,73,38,-2,8,29,19,19,8,-10,15,-6,-1,2,27
2017,5,0,1,0,0,0,0,0,1,0,0,0,0,0,0,0,0,0,0,0,0,0,1,0,0,0,0,0,0,84,158,6,44,34,32,28,37,16,45,5,24,1,20,13,21,21,11,14,29,10,5,4,3,15,17,1,28,1.88095238095238,7.33333333333333,0.941176470588235,1.32142857142857,2.8125,4.8,20,1.61538461538462,0.523809523809524,2.07142857142857,0.5,0.75,1.13333333333333,28,74,38,-2,9,29,19,19,8,-10,15,-5,-1,2,27
2017,6,0,0,0,0,0,0,0,0,0,0,0,0,0,0,0,0,0,0,0,0,0,0,0,0,0,0,0,0,84,158,6,44,34,32,28,37,16,45,5,24,1,20,13,21,21,11,14,29,10,5,4,3,15,17,1,28,1.88095238095238,7.33333333333333,0.941176470588235,1.32142857142857,2.8125,4.8,20,1.61538461538462,0.523809523809524,2.07142857142857,0.5,0.75,1.13333333333333,28,74,38,-2,9,29,19,19,8,-10,15,-5,-1,2,27
2017,7,3,1,0,0,2,0,1,0,0,1,0,0,0,0,0,0,2,0,1,0,0,0,0,0,0,0,0,1,87,159,6,44,36,32,29,37,16,46,5,24,1,20,13,21,23,11,15,29,10,5,4,3,15,17,1,29,1.82758620689655,7.33333333333333,0.888888888888889,1.27586206896552,2.875,4.8,20,1.61538461538462,0.478260869565217,1.93333333333333,0.5,0.75,1.13333333333333,29,72,38,-4,8,30,19,19,8,-12,14,-5,-1,2,28
2017,8,1,2,0,1,1,0,0,1,0,0,0,0,0,1,0,0,1,0,0,0,0,0,0,1,0,0,0,0,88,161,6,45,37,32,29,38,16,46,5,24,1,21,13,21,24,11,15,29,10,5,4,4,15,17,1,29,1.82954545454545,7.5,0.864864864864865,1.31034482758621,2.875,4.8,21,1.61538461538462,0.458333333333333,1.93333333333333,0.5,1,1.13333333333333,29,73,39,-5,9,30,19,20,8,-13,14,-5,0,2,28
2017,9,1,0,0,0,0,0,1,0,0,0,0,0,0,0,0,0,0,0,0,0,0,0,1,0,0,0,0,0,89,161,6,45,37,32,30,38,16,46,5,24,1,21,13,21,24,11,15,29,10,5,5,4,15,17,1,29,1.80898876404494,7.5,0.864864864864865,1.26666666666667,2.875,4.8,21,1.61538461538462,0.458333333333333,1.93333333333333,0.5,0.8,1.13333333333333,29,72,39,-5,8,30,19,20,8,-13,14,-5,-1,2,28
2017,10,0,2,0,0,0,0,0,1,0,1,0,0,0,0,0,0,0,0,0,1,0,0,0,0,0,1,0,0,89,163,6,45,37,32,30,39,16,47,5,24,1,21,13,21,24,11,15,30,10,5,5,4,15,18,1,29,1.8314606741573,7.5,0.864864864864865,1.3,2.9375,4.8,21,1.61538461538462,0.458333333333333,2,0.5,0.8,1.2,29,74,39,-5,9,31,19,20,8,-13,15,-5,-1,3,28
2017,11,0,0,0,0,0,0,0,0,0,0,0,0,0,0,0,0,0,0,0,0,0,0,0,0,0,0,0,0,89,163,6,45,37,32,30,39,16,47,5,24,1,21,13,21,24,11,15,30,10,5,5,4,15,18,1,29,1.8314606741573,7.5,0.864864864864865,1.3,2.9375,4.8,21,1.61538461538462,0.458333333333333,2,0.5,0.8,1.2,29,74,39,-5,9,31,19,20,8,-13,15,-5,-1,3,28
2017,12,0,0,0,0,0,0,0,0,0,0,0,0,0,0,0,0,0,0,0,0,0,0,0,0,0,0,0,0,89,163,6,45,37,32,30,39,16,47,5,24,1,21,13,21,24,11,15,30,10,5,5,4,15,18,1,29,1.8314606741573,7.5,0.864864864864865,1.3,2.9375,4.8,21,1.61538461538462,0.458333333333333,2,0.5,0.8,1.2,29,74,39,-5,9,31,19,20,8,-13,15,-5,-1,3,28
2018,1,0,1,0,0,0,0,0,0,0,1,0,0,0,0,0,0,0,0,0,0,0,0,0,0,0,0,0,1,89,164,6,45,37,32,30,39,16,48,5,24,1,21,13,21,24,11,15,30,10,5,5,4,15,18,1,30,1.84269662921348,7.5,0.864864864864865,1.3,3,4.8,21,1.61538461538462,0.458333333333333,2,0.5,0.8,1.2,30,75,39,-5,9,32,19,20,8,-13,15,-5,-1,3,29
2018,2,0,0,0,0,0,0,0,0,0,0,0,0,0,0,0,0,0,0,0,0,0,0,0,0,0,0,0,0,89,164,6,45,37,32,30,39,16,48,5,24,1,21,13,21,24,11,15,30,10,5,5,4,15,18,1,30,1.84269662921348,7.5,0.864864864864865,1.3,3,4.8,21,1.61538461538462,0.458333333333333,2,0.5,0.8,1.2,30,75,39,-5,9,32,19,20,8,-13,15,-5,-1,3,29
2018,3,0,6,0,0,0,1,0,5,0,0,0,0,0,0,0,1,0,0,0,5,0,0,0,0,0,0,0,0,89,170,6,45,37,33,30,44,16,48,5,24,1,21,13,22,24,11,15,35,10,5,5,4,15,18,1,30,1.91011235955056,7.5,0.891891891891892,1.46666666666667,3,4.8,21,1.69230769230769,0.458333333333333,2.33333333333333,0.5,0.8,1.2,30,81,39,-4,14,32,19,20,9,-13,20,-5,-1,3,29
2018,4,0,4,0,3,0,1,0,0,0,0,0,3,0,0,0,0,0,1,0,0,0,0,0,0,0,0,0,0,89,174,6,48,37,34,30,44,16,48,5,27,1,21,13,22,24,12,15,35,10,5,5,4,15,18,1,30,1.95505617977528,8,0.918918918918919,1.46666666666667,3,5.4,21,1.69230769230769,0.5,2.33333333333333,0.5,0.8,1.2,30,85,42,-3,14,32,22,20,9,-12,20,-5,-1,3,29
2018,5,0,2,0,0,0,0,0,1,0,1,0,0,0,0,0,0,0,0,0,0,0,0,0,1,0,1,0,0,89,176,6,48,37,34,30,45,16,49,5,27,1,21,13,22,24,12,15,35,10,5,5,5,15,19,1,30,1.97752808988764,8,0.918918918918919,1.5,3.0625,5.4,21,1.69230769230769,0.5,2.33333333333333,0.5,1,1.26666666666667,30,87,42,-3,15,33,22,20,9,-12,20,-5,0,4,29
2018,6,0,2,0,1,0,1,0,0,0,0,0,1,0,0,0,1,0,0,0,0,0,0,0,0,0,0,0,0,89,178,6,49,37,35,30,45,16,49,5,28,1,21,13,23,24,12,15,35,10,5,5,5,15,19,1,30,2,8.16666666666667,0.945945945945946,1.5,3.0625,5.6,21,1.76923076923077,0.5,2.33333333333333,0.5,1,1.26666666666667,30,89,43,-2,15,33,23,20,10,-12,20,-5,0,4,29
2018,7,2,3,0,1,0,0,0,1,2,1,0,1,0,0,0,0,0,0,0,1,0,0,0,0,2,0,0,1,91,181,6,50,37,35,30,46,18,50,5,29,1,21,13,23,24,12,15,36,10,5,5,5,17,19,1,31,1.98901098901099,8.33333333333333,0.945945945945946,1.53333333333333,2.77777777777778,5.8,21,1.76923076923077,0.5,2.4,0.5,1,1.11764705882353,31,90,44,-2,16,32,24,20,10,-12,21,-5,0,2,30
2018,8,1,1,0,0,0,0,1,1,0,0,0,0,0,0,0,0,0,0,0,0,0,0,1,1,0,0,0,0,92,182,6,50,37,35,31,47,18,50,5,29,1,21,13,23,24,12,15,36,10,5,6,6,17,19,1,31,1.97826086956522,8.33333333333333,0.945945945945946,1.51612903225806,2.77777777777778,5.8,21,1.76923076923077,0.5,2.4,0.5,1,1.11764705882353,31,90,44,-2,16,32,24,20,10,-12,21,-5,0,2,30
2018,9,0,2,0,1,0,0,0,0,0,1,0,1,0,0,0,0,0,0,0,0,0,0,0,0,0,0,0,1,92,184,6,51,37,35,31,47,18,51,5,30,1,21,13,23,24,12,15,36,10,5,6,6,17,19,1,32,2,8.5,0.945945945945946,1.51612903225806,2.83333333333333,6,21,1.76923076923077,0.5,2.4,0.5,1,1.11764705882353,32,92,45,-2,16,33,25,20,10,-12,21,-5,0,2,31
2018,10,1,2,0,0,0,0,1,2,0,0,0,0,0,0,0,0,0,0,0,2,0,0,1,0,0,0,0,0,93,186,6,51,37,35,32,49,18,51,5,30,1,21,13,23,24,12,15,38,10,5,7,6,17,19,1,32,2,8.5,0.945945945945946,1.53125,2.83333333333333,6,21,1.76923076923077,0.5,2.53333333333333,0.5,0.857142857142857,1.11764705882353,32,93,45,-2,17,33,25,20,10,-12,23,-5,-1,2,31
2018,11,0,1,0,1,0,0,0,0,0,0,0,0,0,1,0,0,0,0,0,0,0,0,0,0,0,0,0,0,93,187,6,52,37,35,32,49,18,51,5,30,1,22,13,23,24,12,15,38,10,5,7,6,17,19,1,32,2.01075268817204,8.66666666666667,0.945945945945946,1.53125,2.83333333333333,6,22,1.76923076923077,0.5,2.53333333333333,0.5,0.857142857142857,1.11764705882353,32,94,46,-2,17,33,25,21,10,-12,23,-5,-1,2,31
2018,12,0,1,0,0,0,0,0,1,0,0,0,0,0,0,0,0,0,0,0,1,0,0,0,0,0,0,0,0,93,188,6,52,37,35,32,50,18,51,5,30,1,22,13,23,24,12,15,39,10,5,7,6,17,19,1,32,2.02150537634409,8.66666666666667,0.945945945945946,1.5625,2.83333333333333,6,22,1.76923076923077,0.5,2.6,0.5,0.857142857142857,1.11764705882353,32,95,46,-2,18,33,25,21,10,-12,24,-5,-1,2,31
2019,1,0,6,0,0,0,2,0,0,0,4,0,0,0,0,0,2,0,0,0,0,0,0,0,0,0,0,0,4,93,194,6,52,37,37,32,50,18,55,5,30,1,22,13,25,24,12,15,39,10,5,7,6,17,19,1,36,2.08602150537634,8.66666666666667,1,1.5625,3.05555555555556,6,22,1.92307692307692,0.5,2.6,0.5,0.857142857142857,1.11764705882353,36,101,46,0,18,37,25,21,12,-12,24,-5,-1,2,35
2019,2,0,1,0,0,0,0,0,0,0,1,0,0,0,0,0,0,0,0,0,0,0,0,0,0,0,1,0,0,93,195,6,52,37,37,32,50,18,56,5,30,1,22,13,25,24,12,15,39,10,5,7,6,17,20,1,36,2.09677419354839,8.66666666666667,1,1.5625,3.11111111111111,6,22,1.92307692307692,0.5,2.6,0.5,0.857142857142857,1.17647058823529,36,102,46,0,18,38,25,21,12,-12,24,-5,-1,3,35
2019,3,0,0,0,0,0,0,0,0,0,0,0,0,0,0,0,0,0,0,0,0,0,0,0,0,0,0,0,0,93,195,6,52,37,37,32,50,18,56,5,30,1,22,13,25,24,12,15,39,10,5,7,6,17,20,1,36,2.09677419354839,8.66666666666667,1,1.5625,3.11111111111111,6,22,1.92307692307692,0.5,2.6,0.5,0.857142857142857,1.17647058823529,36,102,46,0,18,38,25,21,12,-12,24,-5,-1,3,35
2019,4,0,0,0,0,0,0,0,0,0,0,0,0,0,0,0,0,0,0,0,0,0,0,0,0,0,0,0,0,93,195,6,52,37,37,32,50,18,56,5,30,1,22,13,25,24,12,15,39,10,5,7,6,17,20,1,36,2.09677419354839,8.66666666666667,1,1.5625,3.11111111111111,6,22,1.92307692307692,0.5,2.6,0.5,0.857142857142857,1.17647058823529,36,102,46,0,18,38,25,21,12,-12,24,-5,-1,3,35
2019,5,0,0,0,0,0,0,0,0,0,0,0,0,0,0,0,0,0,0,0,0,0,0,0,0,0,0,0,0,93,195,6,52,37,37,32,50,18,56,5,30,1,22,13,25,24,12,15,39,10,5,7,6,17,20,1,36,2.09677419354839,8.66666666666667,1,1.5625,3.11111111111111,6,22,1.92307692307692,0.5,2.6,0.5,0.857142857142857,1.17647058823529,36,102,46,0,18,38,25,21,12,-12,24,-5,-1,3,35
2019,6,1,0,0,0,0,0,1,0,0,0,0,0,0,0,0,0,0,0,0,0,1,0,0,0,0,0,0,0,94,195,6,52,37,37,33,50,18,56,5,30,1,22,13,25,24,12,15,39,11,5,7,6,17,20,1,36,2.07446808510638,8.66666666666667,1,1.51515151515152,3.11111111111111,6,22,1.92307692307692,0.5,2.6,0.454545454545455,0.857142857142857,1.17647058823529,36,101,46,0,17,38,25,21,12,-12,24,-6,-1,3,35
2019,7,1,7,0,0,1,0,0,0,0,7,0,0,0,0,0,0,1,0,0,0,0,0,0,0,0,2,0,5,95,202,6,52,38,37,33,50,18,63,5,30,1,22,13,25,25,12,15,39,11,5,7,6,17,22,1,41,2.12631578947368,8.66666666666667,0.973684210526316,1.51515151515152,3.5,6,22,1.92307692307692,0.48,2.6,0.454545454545455,0.857142857142857,1.29411764705882,41,107,46,-1,17,45,25,21,12,-13,24,-6,-1,5,40
2019,8,0,1,0,1,0,0,0,0,0,0,0,0,0,1,0,0,0,0,0,0,0,0,0,0,0,0,0,0,95,203,6,53,38,37,33,50,18,63,5,30,1,23,13,25,25,12,15,39,11,5,7,6,17,22,1,41,2.13684210526316,8.83333333333333,0.973684210526316,1.51515151515152,3.5,6,23,1.92307692307692,0.48,2.6,0.454545454545455,0.857142857142857,1.29411764705882,41,108,47,-1,17,45,25,22,12,-13,24,-6,-1,5,40
2019,9,0,4,0,3,0,0,0,0,0,1,0,0,0,3,0,0,0,0,0,0,0,0,0,0,0,1,0,0,95,207,6,56,38,37,33,50,18,64,5,30,1,26,13,25,25,12,15,39,11,5,7,6,17,23,1,41,2.17894736842105,9.33333333333333,0.973684210526316,1.51515151515152,3.55555555555556,6,26,1.92307692307692,0.48,2.6,0.454545454545455,0.857142857142857,1.35294117647059,41,112,50,-1,17,46,25,25,12,-13,24,-6,-1,6,40
2019,10,0,3,0,1,0,0,0,1,0,1,0,1,0,0,0,0,0,0,0,1,0,0,0,0,0,1,0,0,95,210,6,57,38,37,33,51,18,65,5,31,1,26,13,25,25,12,15,40,11,5,7,6,17,24,1,41,2.21052631578947,9.5,0.973684210526316,1.54545454545455,3.61111111111111,6.2,26,1.92307692307692,0.48,2.66666666666667,0.454545454545455,0.857142857142857,1.41176470588235,41,115,51,-1,18,47,26,25,12,-13,25,-6,-1,7,40
