Year,Month,Alabama,Arizona,Arkansas,California,Colorado,Connecticut,Delaware,Florida,Georgia,Idaho,Illinois,Indiana,Iowa,Kansas,Kentucky,Louisiana,Maine,Maryland,Massachusetts,Michigan,Minnesota,Mississippi,Missouri,Montana,Nebraska,Nevada,New Hampshire,New Jersey,New Mexico,New York,North Carolina,North Dakota,Ohio,Oklahoma,Oregon,Pennsylvania,Rhode Island,South Carolina,South Dakota,Tennessee,Texas,Utah,Vermont,Virginia,Washington,West Virginia,Wisconsin,Wyoming,USA,northeast,midwest,south,west,new_england,middle_atlantic,east_north_central,west_north_central,south_atlantic,east_south_central,west_south_central,mountain,pacific
2000,1,24,15,14,113,9,9,2,56,42,1,46,13,3,8,10,41,0,40,7,51,4,16,16,3,6,5,0,10,12,56,34,0,19,10,3,45,1,9,0,29,68,2,1,21,7,4,9,1,895,129,175,420,171,18,111,138,37,208,79,133,48,123
2000,2,14,18,9,98,10,4,1,37,22,1,43,19,1,12,14,41,1,20,6,31,2,19,23,1,6,11,2,10,8,48,28,0,24,10,4,30,1,16,0,20,58,0,1,18,8,7,9,0,766,103,170,334,159,15,88,126,44,149,67,118,49,110
2000,3,20,33,13,84,3,1,1,39,45,0,41,22,0,7,8,39,1,39,5,55,6,29,20,1,3,5,0,9,7,54,31,0,23,8,5,30,0,19,0,25,65,0,0,22,5,2,11,0,836,100,188,405,143,7,93,152,36,198,82,125,49,94
2000,4,12,24,10,132,4,4,0,17,27,0,43,16,1,5,11,40,2,34,2,50,8,14,19,0,3,6,1,12,5,52,47,0,17,10,3,36,1,7,0,22,55,2,0,23,10,4,7,0,798,110,169,333,186,10,100,133,36,159,59,115,41,145
2000,5,41,27,14,136,5,8,0,24,44,0,57,18,4,8,7,37,1,30,5,41,5,27,14,2,3,3,1,17,11,51,40,0,19,11,2,24,4,21,0,24,61,2,1,30,6,6,6,0,898,112,175,417,194,20,92,141,34,195,99,123,50,144
2000,6,27,27,9,155,9,3,1,39,39,2,50,16,3,10,15,34,0,29,9,33,8,20,16,3,10,12,0,12,6,40,48,0,17,10,6,33,3,19,0,32,76,2,0,29,8,4,14,0,938,100,177,431,230,15,85,130,47,208,94,129,61,169
2000,7,30,27,16,132,11,9,1,53,36,4,84,24,0,5,8,33,2,33,5,41,6,14,21,0,0,8,0,24,11,55,34,0,20,13,3,53,1,9,0,32,65,2,0,30,9,5,16,2,987,149,217,412,209,17,132,185,32,201,84,127,65,144
2000,8,35,22,9,154,3,8,0,23,44,2,62,19,3,5,13,28,1,32,5,37,9,14,26,2,3,9,0,10,7,62,47,1,21,8,5,36,5,14,0,22,74,1,0,21,9,6,7,0,924,127,193,390,214,19,108,146,47,187,84,119,46,168
2000,9,27,11,7,121,7,5,1,29,32,1,61,31,1,12,13,25,1,26,2,40,8,9,27,0,1,5,0,17,5,42,41,1,21,4,11,37,1,14,1,31,77,2,1,24,16,7,11,0,867,106,215,367,179,10,96,164,51,174,80,113,31,148
2000,10,21,29,14,126,6,5,0,46,35,0,61,16,4,7,8,33,0,27,6,39,4,18,32,2,1,12,3,14,9,56,35,0,24,12,6,30,2,18,0,37,79,1,0,17,12,6,10,0,923,116,198,406,203,16,100,150,48,184,84,138,59,144
2000,11,25,21,13,101,9,2,2,54,32,2,69,8,4,5,15,30,1,20,3,52,9,14,33,1,3,4,0,21,8,44,32,1,20,5,4,41,3,8,0,41,59,1,0,19,9,3,6,0,857,115,210,372,160,9,106,155,55,170,95,107,46,114
2000,12,18,20,12,131,8,3,0,50,44,1,57,16,1,17,11,46,1,23,12,34,8,20,26,2,2,9,1,16,10,42,41,2,28,14,10,44,5,15,0,28,67,1,0,30,13,2,6,2,949,124,197,421,207,22,102,141,56,205,77,139,53,154
2001,1,23,22,12,127,12,6,0,53,48,3,47,24,3,7,5,23,1,37,4,34,6,20,16,2,3,10,0,18,9,56,35,0,21,9,2,34,0,12,1,29,66,4,1,27,10,2,15,0,899,120,177,401,201,12,108,141,36,214,77,110,62,139
2001,2,25,25,2,97,4,2,0,36,23,1,35,23,4,8,7,31,2,33,4,38,4,12,18,1,1,9,0,15,3,30,26,1,20,10,5,26,1,14,2,18,51,2,0,14,2,4,6,1,696,80,160,306,150,9,71,122,38,150,62,94,46,104
2001,3,20,30,14,122,9,6,2,54,37,1,38,17,0,13,8,30,1,18,6,36,6,11,20,1,5,12,1,17,4,41,41,1,25,14,2,30,2,15,0,23,63,3,0,22,14,4,10,1,850,104,171,376,199,16,88,126,45,193,62,121,61,138
2001,4,28,19,12,124,12,4,1,45,41,2,67,18,1,5,11,37,0,25,7,34,6,22,24,2,0,11,0,12,3,36,23,0,24,12,6,33,2,20,0,23,72,2,0,18,7,9,9,1,870,94,188,399,189,13,81,152,36,182,84,133,52,137
2001,5,23,25,9,129,6,8,1,48,43,3,58,28,0,9,18,36,1,30,6,41,4,13,23,3,2,7,0,18,5,52,38,0,23,10,1,27,0,21,1,33,67,3,0,22,12,3,8,1,919,112,197,415,195,15,97,158,39,206,87,122,53,142
2001,6,33,24,7,113,12,11,0,46,34,1,75,19,2,6,20,41,0,34,3,40,6,18,18,1,0,7,2,12,6,55,38,0,30,7,3,34,1,19,1,28,71,0,0,22,8,1,19,1,929,118,216,419,176,17,101,183,33,194,99,126,52,124
2001,7,19,32,7,157,11,6,4,41,36,1,84,24,1,10,9,48,0,21,9,54,10,20,30,2,3,13,0,16,13,55,32,0,29,12,4,39,3,20,1,32,82,6,3,25,9,4,10,1,1048,131,256,412,249,21,110,201,55,183,80,149,79,170
2001,8,27,27,7,151,11,2,5,51,35,0,66,18,3,4,8,26,0,25,11,36,3,28,29,1,1,10,2,15,4,54,43,0,37,12,6,35,1,17,1,19,85,3,0,14,17,0,11,0,961,120,209,402,230,16,104,168,41,190,82,130,56,174
2001,9,23,34,8,158,10,3,1,48,37,5,76,23,1,7,13,32,0,23,6,38,5,23,34,2,1,7,0,11,6,52,28,2,32,3,6,43,2,12,0,20,76,7,0,23,9,1,9,0,960,117,228,371,244,11,106,178,50,173,79,119,71,173
2001,10,26,31,8,157,3,6,0,53,38,3,82,30,1,7,10,21,0,40,9,49,7,14,14,2,0,11,2,14,5,57,39,0,18,11,3,58,1,25,0,26,83,7,1,27,6,2,14,1,1022,148,222,423,229,19,129,193,29,224,76,123,63,166
2001,11,25,29,12,137,4,8,3,41,37,1,64,32,2,3,18,31,0,42,6,57,4,20,20,3,2,5,0,21,4,47,36,1,33,10,4,36,3,23,0,30,69,3,2,27,4,4,8,1,972,123,226,428,195,19,104,194,32,213,93,122,50,145
2001,12,30,34,12,117,4,10,2,57,45,4,55,34,6,12,11,44,2,35,9,42,7,23,29,0,3,7,2,16,5,48,39,0,24,16,5,49,4,30,0,26,88,0,0,34,8,4,15,0,1047,140,227,496,184,27,113,170,57,246,90,160,54,130
2002,1,27,25,10,157,10,4,0,47,32,2,48,15,4,5,13,37,0,36,5,38,3,19,30,0,6,8,1,21,4,43,31,1,32,9,4,46,2,19,0,29,78,3,0,28,7,7,6,2,954,122,188,422,222,12,110,139,49,200,88,134,54,168
2002,2,23,19,12,103,9,6,2,46,22,0,39,15,2,7,11,24,2,23,6,34,5,10,21,2,1,6,0,21,5,26,24,0,26,12,5,32,2,19,1,23,56,0,0,21,4,6,11,1,745,95,162,334,154,16,79,125,37,163,67,104,42,112
2002,3,26,35,7,149,9,3,1,42,29,0,44,21,2,3,7,39,1,38,7,34,5,10,21,0,1,12,1,27,11,48,47,1,30,10,12,30,5,19,0,32,81,0,0,15,11,4,7,1,938,122,169,407,240,17,105,136,33,195,75,137,68,172
2002,4,18,27,10,144,12,4,2,47,36,1,62,15,0,8,9,37,0,22,9,39,5,22,18,1,4,13,0,15,13,42,35,0,33,5,3,34,0,15,0,22,64,2,1,27,11,4,9,1,901,105,193,375,228,14,91,158,35,188,71,116,70,158
2002,5,20,38,15,156,5,6,4,64,33,2,56,17,2,5,8,38,1,28,7,33,7,22,22,1,0,3,0,19,4,44,35,0,31,6,2,34,1,15,0,28,75,3,0,29,6,3,14,2,944,112,187,423,222,15,97,151,36,211,78,134,58,164
2002,6,22,26,6,135,8,3,3,57,40,2,66,28,4,13,13,42,0,24,18,28,3,12,23,1,1,11,0,14,5,50,38,0,18,4,4,44,3,28,0,28,93,2,0,13,13,3,11,0,960,132,195,426,207,24,108,151,44,206,75,145,55,152
2002,7,28,41,12,167,9,5,2,61,42,1,80,21,1,7,7,36,1,38,9,58,4,14,23,1,2,13,0,12,8,47,46,0,26,20,8,37,3,22,1,27,89,3,0,26,6,4,13,0,1081,114,236,474,257,18,96,198,38,241,76,157,76,181
2002,8,37,19,18,166,15,5,4,54,59,1,69,20,1,5,6,51,2,31,7,42,6,14,18,2,2,13,0,12,9,41,45,1,35,12,2,34,0,19,1,34,82,1,0,26,17,7,9,0,1054,101,209,499,245,14,87,175,34,245,91,163,60,185
2002,9,32,33,11,201,11,4,0,66,54,1,71,26,5,6,8,45,0,36,8,45,4,29,20,0,7,9,3,21,5,57,46,0,36,8,9,42,4,20,0,37,79,4,1,26,8,13,16,1,1168,140,236,510,282,20,120,194,42,261,106,143,64,218
2002,10,22,29,19,130,8,4,2,54,42,2,70,23,6,5,14,30,0,37,6,46,5,13,23,0,0,5,0,14,6,57,42,0,24,7,4,36,0,16,1,19,75,3,1,23,8,4,9,0,944,118,212,419,195,11,107,172,40,220,68,131,53,142
2002,11,17,28,11,161,9,3,6,51,40,0,53,19,1,6,10,43,0,27,2,44,6,21,17,0,1,11,0,13,4,49,32,0,35,8,3,49,3,20,1,22,55,2,0,23,7,5,10,0,928,119,193,391,225,8,111,161,32,204,70,117,54,171
2002,12,20,35,15,141,11,10,2,46,48,3,70,22,2,4,21,45,1,25,10,48,2,22,17,1,2,10,0,19,7,46,46,0,27,12,8,38,2,15,0,22,62,4,0,29,12,6,7,0,995,126,201,436,232,23,103,174,27,217,85,134,71,161
2003,1,19,22,13,143,11,5,2,47,48,4,51,20,6,6,9,33,2,38,8,36,6,12,18,1,2,3,0,25,7,36,40,0,20,12,4,40,1,23,1,20,73,2,0,28,6,6,11,3,923,117,177,423,206,16,101,138,39,232,60,131,53,153
2003,2,33,17,9,137,9,2,1,45,32,0,40,16,1,5,7,33,1,24,5,37,3,23,13,1,3,2,0,19,9,33,24,0,33,9,5,25,0,11,0,15,72,5,2,22,7,3,4,0,797,87,155,363,192,10,77,130,25,162,78,123,43,149
2003,3,27,33,9,156,10,2,1,54,39,1,60,21,0,8,8,40,0,32,6,29,3,13,18,0,2,8,0,24,4,49,36,1,33,6,6,39,0,27,0,26,68,2,0,27,13,3,8,0,952,120,183,416,233,8,112,151,32,219,74,123,58,175
2003,4,14,23,8,122,7,5,4,63,41,2,60,19,0,7,11,46,0,36,10,43,4,17,17,0,4,15,3,21,8,49,29,3,24,16,8,40,1,22,0,17,66,4,0,38,4,6,17,0,954,129,198,434,193,19,110,163,35,239,59,136,59,134
2003,5,25,41,14,161,13,4,2,56,54,3,65,21,0,9,4,38,1,37,9,40,7,19,21,4,2,10,1,19,4,36,27,1,29,14,1,31,3,16,2,27,87,8,0,25,5,4,9,1,1010,104,206,449,251,18,86,164,42,221,75,153,84,167
2003,6,28,21,10,148,8,3,1,53,38,0,67,19,2,5,15,52,1,30,8,29,6,15,13,4,0,7,0,15,7,60,26,2,22,13,1,42,5,11,0,20,104,3,3,36,15,5,16,1,990,137,181,457,215,20,117,153,28,200,78,179,51,164
2003,7,33,18,14,162,8,6,1,56,30,1,76,23,0,7,9,34,0,43,7,51,10,21,23,7,4,10,0,14,10,68,46,1,27,6,3,40,6,21,1,38,96,1,0,23,6,3,18,1,1083,141,241,474,227,19,122,195,46,223,101,150,56,171
2003,8,36,40,4,163,11,2,2,71,55,0,67,23,3,7,13,33,0,28,8,49,11,14,17,0,1,11,0,31,5,45,34,1,27,9,4,45,0,24,0,31,76,1,0,26,17,9,14,0,1068,131,220,465,252,10,121,180,40,249,94,122,68,184
2003,9,26,32,8,170,13,8,0,51,32,4,55,21,3,5,8,40,0,26,3,47,11,14,17,1,5,14,2,26,11,51,34,0,28,9,5,35,1,18,0,33,85,2,0,24,7,4,18,0,1007,126,210,412,259,14,112,169,41,189,81,142,77,182
2003,10,23,30,13,161,13,7,1,64,41,4,52,17,5,4,6,38,0,38,6,38,6,17,21,0,3,10,0,22,5,53,27,0,22,19,8,54,1,14,0,23,76,3,1,26,16,3,5,1,997,144,173,429,251,15,129,134,39,214,69,146,66,185
2003,11,26,20,12,127,7,4,3,55,30,0,57,17,2,6,7,41,1,29,3,39,3,17,21,1,2,16,0,20,10,47,32,3,25,15,6,37,1,21,0,19,81,5,1,37,8,6,12,0,932,114,187,431,200,10,104,150,37,213,69,149,59,141
2003,12,32,27,9,132,7,8,0,45,53,0,46,30,2,9,18,45,0,33,5,39,5,19,20,1,3,8,2,21,7,62,41,0,31,11,1,39,2,28,0,30,90,1,0,24,7,8,8,0,1009,139,193,486,191,17,122,154,39,232,99,155,51,140
2004,1,20,34,10,164,13,3,1,52,30,0,45,19,8,8,14,36,0,26,10,38,5,17,21,1,0,8,4,17,6,34,37,1,33,13,12,56,2,12,0,22,68,2,0,29,11,3,6,0,951,126,184,390,251,19,107,141,43,190,73,127,64,187
2004,2,14,27,10,114,11,3,1,48,32,2,38,13,3,4,9,35,0,26,3,36,8,9,16,2,0,10,0,17,4,34,32,0,23,14,7,30,2,14,0,11,52,1,1,19,9,4,5,0,753,90,146,330,187,9,81,115,31,176,43,111,57,130
2004,3,24,29,10,157,9,5,2,48,31,1,53,18,2,5,14,29,0,24,4,43,7,18,19,0,2,16,0,22,7,31,24,0,31,11,2,44,1,20,1,22,92,1,0,26,8,5,10,0,928,107,191,400,230,10,97,155,36,180,78,142,63,167
2004,4,15,28,6,145,16,1,4,54,39,0,41,31,0,10,13,43,1,27,4,35,5,16,26,2,3,7,1,22,10,34,37,0,34,13,8,37,0,17,0,20,73,3,0,25,8,8,8,0,930,100,193,410,227,7,93,149,44,211,64,135,66,161
2004,5,21,36,10,175,10,3,3,59,25,2,50,13,2,8,10,41,0,26,11,50,8,23,26,1,1,9,1,28,4,40,42,0,26,6,5,42,0,19,0,35,84,1,0,29,11,4,8,0,1008,125,192,437,254,15,110,147,45,207,89,141,63,191
2004,6,28,21,14,134,12,8,3,54,29,2,51,22,1,8,13,49,2,35,12,35,7,16,19,0,0,12,1,14,7,45,33,1,21,9,6,39,0,19,0,27,69,0,0,27,15,5,8,0,933,121,173,430,209,23,98,137,36,205,84,141,54,155
2004,7,27,27,16,165,12,9,3,58,41,0,56,22,1,15,8,49,2,45,16,47,5,11,29,1,3,10,1,29,9,63,49,1,32,9,3,46,3,18,2,23,83,2,0,27,11,1,7,1,1098,169,220,468,241,31,138,164,56,242,69,157,62,179
2004,8,27,36,9,180,6,3,1,63,46,2,55,21,6,6,19,51,0,40,14,49,6,22,19,2,2,8,0,19,7,51,20,0,30,13,2,37,3,22,0,22,89,3,0,25,9,5,6,1,1057,127,200,474,256,20,107,161,39,222,90,162,65,191
2004,9,21,20,6,149,9,5,1,50,41,1,38,19,0,10,9,35,3,38,10,54,10,15,16,1,1,8,0,23,5,53,30,0,35,6,10,47,1,22,1,28,83,5,0,29,6,6,4,1,965,142,188,420,215,19,123,150,38,217,73,130,50,165
2004,10,19,25,10,144,14,10,3,52,38,2,53,15,3,1,15,38,1,36,10,34,12,21,23,1,6,11,2,17,9,48,37,1,22,6,2,33,2,24,0,22,82,7,0,21,12,1,9,2,956,123,179,425,229,25,98,133,46,212,77,136,71,158
2004,11,21,30,19,141,12,9,0,62,34,2,44,17,1,4,10,42,2,34,6,27,6,20,15,1,5,14,0,21,6,43,37,2,24,11,3,39,2,21,3,27,72,3,1,20,11,8,14,0,946,123,162,438,223,20,103,126,36,216,78,144,68,155
2004,12,25,29,21,140,7,5,5,47,33,2,49,14,3,6,18,32,0,29,6,40,6,14,28,0,1,10,1,24,7,40,33,0,29,13,5,54,2,12,0,27,76,2,0,18,11,2,8,0,934,132,184,405,213,14,118,140,44,179,84,142,57,156
2005,1,34,24,8,172,6,2,2,43,26,8,29,16,0,7,10,29,1,47,7,41,6,13,19,0,1,9,1,12,3,47,38,0,41,10,4,33,1,13,0,25,81,1,0,27,8,2,8,1,916,104,168,408,236,12,92,135,33,198,82,128,52,184
2005,2,19,19,12,129,5,7,5,34,33,2,38,23,5,5,8,42,0,31,9,28,7,20,18,4,5,6,1,16,4,34,27,0,24,15,3,31,0,20,1,23,70,3,0,22,12,3,17,0,840,98,171,384,187,17,81,130,41,175,70,139,43,144
2005,3,20,23,8,154,7,5,3,48,42,2,42,17,2,3,13,46,0,31,11,21,16,10,22,1,1,7,1,28,6,31,33,1,29,6,4,57,0,17,2,35,67,3,1,25,11,4,14,1,931,134,170,408,219,18,116,123,47,203,78,127,50,169
2005,4,22,30,15,135,9,2,3,50,35,1,50,29,2,7,14,51,0,33,5,34,3,14,27,2,0,13,0,19,5,35,42,0,29,11,7,37,4,17,1,26,87,0,0,19,10,8,13,0,956,102,195,447,212,11,91,155,40,207,76,164,60,152
2005,5,34,33,6,151,13,8,3,44,34,2,48,18,4,3,22,40,0,34,5,36,8,10,21,1,5,9,0,32,8,48,48,0,45,18,7,44,0,19,0,37,90,3,0,33,9,8,13,2,1056,137,201,480,238,13,124,160,41,223,103,154,71,167
2005,6,15,30,25,139,14,9,1,60,34,1,51,20,4,7,19,42,1,45,7,44,13,14,29,3,1,16,0,23,4,40,41,0,37,7,6,48,3,19,0,41,77,4,0,40,19,4,13,1,1071,131,219,484,237,20,111,165,54,244,89,151,73,164
2005,7,30,38,17,184,11,4,1,70,42,2,53,27,4,3,13,60,0,42,14,58,1,14,31,1,2,14,1,20,9,56,39,0,38,13,9,42,3,26,0,48,83,3,1,40,10,9,27,0,1213,141,244,547,281,23,118,203,41,269,105,173,78,203
2005,8,35,39,6,193,18,10,2,55,43,4,65,20,0,5,13,45,0,29,7,36,9,13,24,1,3,12,1,20,18,50,45,0,39,20,2,61,2,28,1,23,84,2,0,33,16,7,15,2,1156,151,217,481,307,20,131,175,42,242,84,155,96,211
2005,9,26,37,13,134,9,6,1,43,41,1,53,22,1,6,8,17,1,27,12,54,1,14,30,2,1,9,2,25,4,58,27,0,32,7,6,44,1,19,0,20,91,7,1,21,7,6,7,0,954,150,207,381,216,23,127,168,39,185,68,128,69,147
2005,10,25,34,16,164,11,4,4,58,42,2,55,23,0,6,6,21,1,32,12,50,9,12,27,0,2,8,0,25,6,45,37,1,34,7,2,45,1,17,1,35,90,3,2,31,12,2,9,1,1030,135,217,435,243,20,115,171,46,223,78,134,65,178
2005,11,28,32,14,163,6,3,5,59,32,1,47,16,0,5,11,21,4,35,9,42,6,25,17,2,5,1,1,27,6,37,35,1,39,13,1,44,1,16,0,30,100,3,2,25,11,3,14,3,1001,128,192,452,229,20,108,158,34,210,94,148,54,175
2005,12,31,38,14,160,6,6,3,67,35,2,38,26,1,4,15,43,0,36,10,47,9,16,28,0,2,11,0,41,4,34,39,0,21,9,3,49,3,24,1,28,89,1,0,37,16,1,9,0,1057,143,186,487,241,19,124,141,45,242,90,155,62,179
2006,1,32,26,14,155,8,10,3,59,43,1,37,18,2,7,9,25,1,40,7,50,5,17,25,0,3,9,1,19,7,35,48,0,41,11,5,43,2,20,0,24,83,4,0,19,12,0,8,0,988,118,196,447,227,21,97,154,42,232,82,133,55,172
2006,2,20,37,10,134,3,5,1,65,34,1,30,17,1,4,4,29,1,21,8,39,4,14,15,1,1,15,1,15,7,41,30,0,34,9,6,29,2,18,0,22,68,1,0,18,8,3,6,1,833,102,151,366,214,17,85,126,25,190,60,116,66,148
2006,3,18,36,14,133,9,6,3,50,35,1,53,15,1,7,8,25,1,20,7,40,7,9,19,2,1,6,0,15,5,26,36,0,31,14,7,47,0,16,0,30,87,2,0,24,15,3,8,0,892,102,182,392,216,14,88,147,35,187,65,140,61,155
2006,4,26,33,12,172,8,8,4,70,29,2,56,27,3,7,5,34,2,28,2,46,6,24,17,2,6,10,0,19,7,40,31,0,39,15,4,55,4,24,1,30,88,2,1,21,5,6,8,0,1039,131,216,447,245,17,114,176,40,213,85,149,64,181
2006,5,28,32,12,161,8,12,0,76,39,4,61,21,7,6,13,38,0,38,11,37,10,21,24,0,2,12,1,28,5,44,32,0,39,5,4,56,0,19,0,39,95,3,0,25,12,8,10,0,1098,152,217,488,241,24,128,168,49,237,101,150,64,177
2006,6,26,38,18,170,7,7,2,62,40,1,57,32,0,4,12,33,0,29,10,48,8,19,20,2,2,9,1,32,4,56,36,1,35,14,4,47,1,20,0,37,97,1,0,29,8,3,13,1,1096,154,220,477,245,19,135,185,35,221,94,162,63,182
2006,7,27,44,10,190,9,4,9,74,49,2,70,20,7,12,11,51,1,42,14,63,10,21,26,0,5,12,3,39,5,55,39,0,42,12,3,65,2,22,0,23,99,6,1,23,12,8,10,1,1253,184,265,520,284,25,159,205,60,266,82,172,79,205
2006,8,32,31,16,171,8,9,1,66,32,3,42,29,2,4,5,32,1,28,8,44,4,12,30,0,3,15,0,26,13,59,34,0,45,14,3,40,4,24,1,27,90,3,3,19,11,5,10,1,1060,150,214,437,259,25,125,170,44,209,76,152,74,185
2006,9,21,28,7,141,13,12,4,67,58,2,64,27,2,3,10,43,5,47,10,44,9,22,25,0,2,13,3,20,3,63,37,0,36,14,4,43,0,33,1,28,99,2,0,20,13,5,10,0,1113,156,223,515,219,30,126,181,42,271,81,163,61,158
2006,10,35,28,13,163,13,4,3,70,46,2,42,13,11,8,17,43,0,40,9,42,4,25,24,3,1,12,1,25,2,48,42,0,41,13,6,62,2,25,0,25,79,3,0,30,8,4,11,0,1098,151,197,510,240,16,135,149,48,260,102,148,63,177
2006,11,32,22,16,146,9,6,3,63,40,2,61,13,1,5,8,42,2,36,9,32,8,22,35,0,3,10,0,33,6,58,35,0,32,16,12,54,1,30,0,25,64,2,2,22,7,5,9,0,1039,165,199,459,216,20,145,147,52,234,87,138,51,165
2006,12,36,32,13,147,9,9,1,81,50,3,52,32,1,6,9,48,1,47,10,51,3,16,35,1,2,8,1,30,9,45,39,0,36,15,5,52,1,23,0,20,84,0,1,34,12,7,7,1,1125,150,225,523,227,23,127,178,47,282,81,160,63,164
2007,1,25,36,5,168,3,5,4,90,35,1,31,17,0,5,15,39,1,35,7,36,12,15,18,0,8,12,0,21,8,41,38,0,32,17,6,45,0,20,0,33,87,2,1,17,11,3,12,0,1017,121,171,478,247,14,107,128,43,242,88,148,62,185
2007,2,25,30,12,121,6,6,5,60,29,2,27,21,2,2,7,28,0,28,8,28,8,15,12,1,2,13,0,12,5,25,25,0,27,12,1,41,1,19,0,16,79,6,0,16,8,3,7,0,801,93,136,379,193,15,78,110,26,185,63,131,63,130
2007,3,31,32,14,120,4,2,2,74,35,2,57,19,2,9,9,39,2,40,9,40,8,19,24,1,5,12,1,24,6,24,41,0,37,13,2,48,0,19,0,26,83,0,1,17,13,4,11,1,982,111,212,466,193,15,96,164,48,232,85,149,58,135
2007,4,30,29,8,137,7,3,3,78,52,2,49,19,4,7,13,34,1,38,8,35,4,25,23,1,1,9,0,23,6,47,37,2,33,15,3,59,2,16,0,30,77,3,0,45,7,6,10,3,1044,143,187,507,207,14,129,146,41,275,98,134,60,147
2007,5,31,35,14,125,5,2,0,77,44,7,47,24,1,8,8,42,0,42,13,45,6,16,22,2,4,13,2,28,9,53,44,1,36,9,4,39,1,13,0,32,86,0,1,29,5,6,7,0,1038,139,201,493,205,19,120,159,42,255,87,151,71,134
2007,6,40,23,17,154,6,12,4,75,50,3,66,25,1,7,16,36,1,37,13,61,6,21,22,2,5,11,1,25,5,48,34,0,38,11,3,55,1,25,0,33,80,4,2,33,11,1,15,0,1139,158,246,513,222,30,128,205,41,259,110,144,54,168
2007,7,42,41,10,168,17,5,2,96,55,2,51,19,2,10,13,43,4,41,15,41,4,28,21,0,0,15,0,23,12,56,30,1,43,19,3,53,1,20,1,35,105,2,0,25,9,2,13,2,1200,157,206,566,271,25,132,167,39,271,118,177,91,180
2007,8,28,25,21,175,12,4,1,82,62,4,58,20,1,9,15,50,1,45,12,48,5,14,27,1,4,14,1,20,5,44,45,0,37,9,6,52,1,26,1,25,94,7,1,38,8,4,6,1,1169,136,216,559,258,20,116,169,47,303,82,174,69,189
2007,9,23,24,13,134,7,6,1,80,52,0,62,20,0,4,13,47,2,31,6,54,2,16,25,1,2,7,0,25,5,43,32,0,25,12,3,34,1,22,0,24,90,4,0,20,12,4,14,0,1002,117,208,480,197,15,102,175,33,242,76,162,48,149
2007,10,34,27,10,136,9,9,4,67,42,3,50,24,0,2,18,52,1,31,14,50,6,21,17,0,4,8,0,22,4,48,41,1,25,9,3,44,3,21,1,29,83,4,0,16,16,6,21,0,1036,141,201,484,210,27,114,170,31,228,102,154,55,155
2007,11,31,36,17,119,7,8,2,84,55,2,37,20,2,4,13,44,2,28,6,34,3,13,27,3,1,10,0,27,4,39,39,0,38,9,7,44,1,28,2,25,69,4,3,21,9,2,6,1,986,130,174,480,202,20,110,135,39,259,82,139,67,135
2007,12,38,16,12,144,8,5,2,72,46,1,40,23,3,4,12,34,0,28,4,34,6,16,27,3,7,7,1,26,9,54,52,0,42,16,2,40,1,26,0,35,96,4,0,31,15,5,10,0,1057,131,196,521,209,11,120,149,47,262,101,158,48,161
2008,1,31,29,12,125,9,7,6,73,38,1,44,26,1,5,15,29,3,23,16,30,5,15,21,0,4,5,0,17,4,39,53,0,22,8,1,49,1,26,0,33,67,3,0,19,11,2,7,0,935,132,165,450,188,27,105,129,36,240,94,116,51,137
2008,2,17,34,8,139,6,6,9,80,24,0,35,12,1,4,7,31,0,26,10,28,3,19,26,2,3,8,1,20,7,26,26,0,22,11,6,31,0,10,0,33,80,1,0,20,9,9,5,1,856,94,139,410,213,17,77,102,37,204,76,130,59,154
2008,3,33,26,15,151,6,7,4,65,48,1,47,24,0,4,16,34,0,32,5,33,7,26,17,4,7,6,0,16,7,36,41,0,32,11,2,45,3,16,1,35,65,2,0,20,8,3,3,0,964,112,175,464,213,15,97,139,36,229,110,125,52,161
2008,4,29,32,13,128,10,5,5,68,38,0,54,17,3,10,11,53,1,26,6,30,6,21,31,0,1,11,0,30,7,35,37,0,34,22,4,40,3,18,0,28,102,2,1,19,9,2,8,0,1010,121,194,492,203,16,105,143,51,213,89,190,62,141
2008,5,26,23,12,134,7,5,2,94,40,0,52,16,4,7,14,38,1,36,4,44,4,16,32,2,5,10,1,24,5,41,32,0,33,5,4,34,1,24,2,20,74,3,0,23,9,1,8,1,973,111,207,457,198,12,99,153,54,252,76,129,51,147
2008,6,28,35,7,133,13,11,4,80,39,1,66,18,4,5,15,37,0,38,8,38,8,20,37,0,5,17,1,22,7,48,45,0,33,7,2,49,5,13,1,27,99,1,0,26,9,4,6,0,1072,144,221,489,218,25,119,161,60,249,90,150,74,144
2008,7,37,28,11,110,11,10,5,76,51,3,60,22,4,11,15,34,2,25,12,61,8,20,29,1,2,11,1,15,12,55,45,0,41,20,1,53,1,28,0,34,79,4,0,21,11,4,13,0,1097,149,251,505,192,26,123,197,54,255,106,144,70,122
2008,8,33,26,20,138,5,6,4,59,46,3,62,20,5,8,14,31,2,37,4,45,10,29,48,3,4,6,1,19,6,48,32,0,40,11,8,53,4,25,0,25,87,2,4,22,5,6,7,1,1074,141,249,481,203,21,120,174,75,231,101,149,52,151
2008,9,26,24,12,140,11,9,7,73,47,1,69,18,5,11,13,29,1,30,7,58,6,18,40,1,6,6,1,24,8,50,34,0,36,15,7,46,0,34,3,19,89,2,2,18,21,0,6,0,1083,140,258,464,221,20,120,187,71,243,76,145,53,168
2008,10,26,23,16,128,6,7,3,86,45,1,50,21,3,5,15,38,0,36,8,35,3,20,28,2,1,9,0,20,5,43,43,0,36,13,3,43,1,20,0,14,97,2,1,22,13,3,4,0,998,123,186,497,192,17,106,146,40,258,75,164,48,144
2008,11,35,30,9,128,13,8,2,60,37,1,51,17,3,3,14,34,1,43,8,47,7,25,35,1,9,4,0,14,9,38,35,0,35,9,6,45,0,16,1,34,82,1,0,19,12,1,11,1,994,114,219,455,206,17,97,161,58,213,108,134,60,146
2008,12,28,23,10,115,12,6,3,72,62,1,41,24,1,4,11,42,1,27,10,40,4,16,16,0,2,7,0,23,9,49,44,0,38,15,5,36,0,19,2,34,85,1,0,22,10,2,3,0,975,125,175,492,183,17,108,146,29,251,89,152,53,130
2009,1,25,20,14,138,11,8,4,63,48,0,38,16,0,7,10,28,1,33,9,42,4,17,14,3,3,16,1,20,11,34,39,0,31,11,5,31,0,25,1,23,84,3,0,21,6,4,6,0,928,104,162,449,213,19,85,133,29,237,75,137,64,149
2009,2,18,21,8,93,8,7,0,49,23,0,33,10,2,9,6,42,0,19,3,25,3,8,21,0,1,9,0,14,5,33,24,0,20,13,5,33,2,9,1,21,56,4,0,18,8,3,5,1,693,92,130,317,154,12,80,93,37,145,53,119,48,106
2009,3,32,20,10,128,8,5,2,74,24,1,36,23,0,4,14,28,1,20,8,39,2,17,35,0,4,7,1,11,5,30,31,1,27,11,6,35,3,22,1,34,76,2,0,22,10,3,7,2,882,94,179,420,189,18,76,132,47,198,97,125,45,144
2009,4,31,24,14,123,6,5,2,56,37,1,53,17,2,5,11,42,3,23,12,37,5,23,21,1,0,6,0,17,10,46,32,1,29,14,2,45,1,20,2,27,89,2,0,31,15,3,7,0,953,129,179,455,190,21,108,143,36,204,92,159,50,140
2009,5,33,20,13,130,12,4,5,65,35,3,67,30,1,7,12,47,0,29,9,51,0,19,25,5,1,5,0,21,9,39,33,0,30,13,6,44,0,24,1,28,105,1,1,25,7,1,17,2,1035,118,230,487,200,14,104,195,35,217,92,178,57,143
2009,6,21,20,12,108,11,15,6,68,39,0,63,22,3,14,13,50,2,24,8,47,4,15,28,2,4,6,0,21,10,42,38,0,28,14,1,42,0,19,0,26,85,3,0,29,6,5,10,0,984,130,223,464,167,25,105,170,53,228,75,161,52,115
2009,7,31,24,17,150,12,5,2,76,60,1,61,16,3,6,14,57,0,28,8,45,6,16,23,4,4,6,0,21,12,55,37,1,35,12,5,44,2,23,1,40,94,2,0,23,9,9,12,3,1115,135,213,539,228,15,120,169,44,258,101,180,64,164
2009,8,19,18,7,144,7,8,3,80,47,0,60,23,3,5,8,37,3,23,15,53,6,16,29,2,4,7,0,23,8,60,36,0,28,8,3,39,0,21,1,37,82,3,0,30,8,4,11,1,1030,148,223,458,201,26,122,175,48,244,80,134,46,155
2009,9,27,15,14,115,7,4,3,62,28,2,54,22,1,7,13,31,0,31,9,48,6,15,27,0,2,10,0,15,3,47,34,1,28,16,3,43,1,16,0,36,91,1,0,15,10,11,7,0,931,119,203,443,166,14,105,159,44,200,91,152,38,128
2009,10,27,13,10,98,9,10,3,58,43,0,59,27,1,11,11,29,1,26,14,29,4,19,43,1,2,10,1,20,6,36,27,0,41,13,4,46,0,22,0,25,75,3,0,20,9,6,9,0,921,128,226,414,153,26,102,165,61,205,82,127,42,111
2009,11,24,17,26,109,11,3,4,87,34,0,53,21,2,9,13,29,3,35,8,45,4,14,33,1,1,8,2,23,4,41,38,1,28,15,12,40,1,19,0,23,84,2,0,17,12,4,8,1,969,121,205,466,177,17,104,155,50,238,74,154,44,133
2009,12,29,16,12,124,6,4,2,66,38,2,51,18,1,8,8,29,1,25,7,34,2,18,20,2,5,7,0,23,9,42,38,0,41,8,3,41,4,15,2,27,82,4,0,21,18,4,4,0,921,122,186,422,191,16,106,148,38,209,82,131,46,145
2010,1,23,23,11,116,6,10,5,64,34,1,28,29,6,6,13,41,1,11,14,37,10,20,31,4,1,14,1,19,7,29,30,0,28,14,2,31,1,15,0,29,68,3,0,28,11,2,3,0,880,106,179,408,187,27,79,125,54,189,85,134,58,129
2010,2,21,18,13,75,1,8,4,47,22,1,27,10,1,4,3,27,2,14,8,24,5,17,17,1,4,5,0,15,6,33,20,0,24,11,10,28,0,11,0,18,72,2,0,8,7,4,8,1,657,94,124,312,127,18,76,93,31,130,59,123,35,92
2010,3,16,18,7,128,4,8,4,65,29,1,39,26,4,4,9,48,1,30,12,30,5,17,21,1,5,8,1,13,7,40,29,1,36,4,4,47,1,9,0,26,74,1,0,23,10,3,7,0,876,123,178,393,182,23,100,138,40,192,68,133,40,142
2010,4,20,17,7,123,12,6,2,79,40,2,53,23,2,5,10,39,2,24,5,48,5,25,29,0,6,7,1,20,14,34,20,1,45,11,2,39,3,18,1,28,75,4,0,23,11,5,9,0,955,110,227,426,192,17,93,178,49,211,83,132,56,136
2010,5,19,18,11,144,10,9,3,70,41,1,65,23,2,5,6,42,2,32,14,45,8,14,19,1,4,8,0,18,8,38,40,0,28,9,4,41,3,23,1,26,78,1,0,32,10,4,13,1,994,125,213,450,206,28,97,174,39,245,65,140,48,158
2010,6,29,17,12,102,9,8,7,64,40,0,67,20,7,9,8,38,1,32,3,29,3,23,33,0,3,4,0,26,3,58,44,1,35,13,5,49,1,16,0,21,82,2,0,19,6,5,5,2,961,146,212,453,150,13,133,156,56,227,81,145,37,113
2010,7,39,27,14,108,13,10,2,52,42,1,57,15,1,5,10,40,1,30,9,52,11,17,38,0,4,10,0,25,9,63,38,1,35,13,6,51,2,17,0,35,76,2,0,25,10,6,19,0,1041,161,238,456,186,22,139,178,60,212,101,143,62,124
2010,8,17,36,11,117,4,15,4,58,34,1,71,12,0,9,15,36,1,34,8,36,6,18,20,1,1,10,2,29,3,57,28,1,37,11,5,44,1,16,0,20,77,3,0,19,10,1,9,1,949,157,202,399,191,27,130,165,37,194,70,135,59,132
2010,9,24,21,8,92,9,7,5,72,37,0,44,12,1,6,14,41,0,26,17,28,4,11,27,1,3,7,0,27,3,49,38,0,36,9,7,53,1,25,0,28,73,1,0,34,10,5,9,0,925,154,170,450,151,25,129,129,41,242,77,131,42,109
2010,10,21,31,8,102,12,7,4,70,46,2,44,17,5,6,11,24,1,27,14,32,4,15,28,1,2,6,1,26,4,50,30,2,36,14,6,48,1,31,0,22,86,1,0,23,16,4,9,0,950,148,185,436,181,24,124,138,47,235,69,132,57,124
2010,11,15,24,16,108,7,5,3,67,40,1,45,13,4,6,17,27,0,18,14,37,3,12,39,2,5,6,2,17,6,38,30,0,23,8,4,33,1,23,1,19,84,3,2,22,8,3,9,0,870,112,185,404,169,24,88,127,58,206,63,135,49,120
2010,12,39,21,14,127,10,5,2,59,38,1,37,23,1,3,9,29,1,28,8,42,1,16,33,5,3,5,0,25,6,38,29,1,33,14,5,37,2,25,0,21,68,4,0,15,5,5,6,0,899,116,183,411,189,16,100,141,42,201,85,125,52,137
2011,1,28,22,17,114,10,7,2,85,32,1,36,21,3,5,13,32,0,31,9,43,4,24,16,1,4,8,0,17,2,20,19,5,32,13,4,37,0,21,0,20,54,1,0,16,7,6,2,0,844,90,171,413,170,16,74,134,37,212,85,116,45,125
2011,2,17,16,9,82,3,4,2,49,22,1,26,7,2,7,5,39,2,17,5,26,4,15,23,1,3,2,0,20,6,22,20,0,25,9,5,41,0,5,0,25,57,2,0,16,4,5,2,0,653,94,125,312,122,11,83,86,39,136,62,114,31,91
2011,3,32,23,6,92,14,6,2,61,37,2,34,11,2,5,8,43,0,19,9,39,4,16,31,3,4,8,0,27,6,32,22,0,37,20,4,31,0,19,0,23,61,5,0,17,9,3,9,0,836,105,176,389,166,15,90,130,46,180,79,130,61,105
2011,4,24,26,15,104,7,14,3,68,26,0,47,17,7,4,14,51,1,27,6,52,4,14,26,0,4,6,0,20,13,42,27,1,43,16,7,33,0,36,1,25,65,0,1,20,14,5,10,0,946,117,216,436,177,22,95,169,47,212,77,147,52,125
2011,5,25,22,10,136,6,9,1,87,41,6,47,17,5,8,14,28,3,25,6,45,5,26,33,0,2,8,0,24,6,47,38,0,29,14,6,37,1,28,0,28,92,2,0,24,8,6,9,0,1014,127,200,487,200,19,108,147,53,250,93,144,50,150
2011,6,24,24,8,103,4,9,5,72,54,0,55,15,1,10,10,36,4,26,10,43,5,20,28,0,2,4,3,20,5,33,38,0,32,9,3,44,1,18,0,24,63,3,0,18,5,4,7,2,904,124,198,429,153,27,97,152,46,235,78,116,42,111
2011,7,24,21,15,130,19,11,2,63,53,0,85,25,1,5,12,45,1,25,19,55,3,17,27,0,3,5,2,40,5,57,39,2,36,12,4,51,0,31,0,33,78,2,1,24,7,7,11,6,1114,182,253,480,199,34,148,212,41,244,86,150,58,141
2011,8,22,26,17,115,7,6,2,68,32,1,49,21,2,6,10,36,1,25,15,50,5,19,28,0,7,6,0,23,5,47,38,0,49,10,3,40,1,14,3,30,60,3,1,22,4,8,9,1,947,134,229,413,171,24,110,178,51,209,81,123,49,122
2011,9,21,19,12,101,10,5,2,70,45,1,54,20,2,10,6,37,0,22,13,39,9,27,28,0,6,10,2,20,7,48,37,0,44,11,3,52,0,16,1,32,58,0,0,14,8,7,7,2,938,140,220,417,161,20,120,164,56,213,86,118,49,112
2011,10,29,24,11,127,3,7,4,58,35,1,63,20,1,5,10,24,0,22,11,41,7,16,19,4,0,9,0,21,8,40,29,0,50,18,10,52,5,27,1,32,72,1,1,18,7,1,5,1,950,137,212,406,195,24,113,179,33,194,87,125,51,144
2011,11,23,19,12,105,6,8,3,68,33,1,55,11,3,4,15,32,3,22,11,38,5,15,24,0,3,11,1,27,3,30,36,0,36,17,9,41,2,17,0,24,71,3,2,18,7,4,9,0,887,125,188,410,164,27,98,149,39,201,77,132,43,121
2011,12,23,17,13,105,12,10,3,68,29,2,59,17,2,12,16,28,0,15,14,40,4,12,20,2,3,7,2,29,7,48,37,0,40,17,4,53,2,21,0,13,81,5,1,24,8,5,6,0,936,159,203,405,169,29,130,162,41,202,64,139,52,117
2012,1,29,26,18,103,6,4,4,74,38,1,47,24,5,8,7,49,0,16,1,56,1,19,26,2,4,4,3,22,8,19,33,1,46,16,5,41,2,24,1,32,61,2,0,14,12,6,9,0,929,92,228,440,169,10,82,182,46,209,87,144,49,120
2012,2,17,19,9,88,13,4,1,61,37,4,38,16,2,1,10,14,1,17,5,23,4,10,13,1,2,5,0,18,4,22,27,0,21,12,5,35,1,18,0,22,68,0,0,11,14,5,15,1,714,86,135,339,154,11,75,113,22,177,59,103,47,107
2012,3,21,19,7,112,9,5,0,81,44,1,52,15,2,9,12,36,1,31,2,39,3,27,29,1,1,5,0,25,9,30,39,0,34,14,6,36,0,24,0,23,76,5,0,13,11,7,7,0,923,99,191,455,178,8,91,147,44,239,83,133,49,129
2012,4,18,22,16,118,11,4,6,65,43,2,51,14,1,2,12,36,1,24,10,41,7,24,26,0,2,9,5,18,8,36,41,0,35,18,1,42,0,34,0,30,68,1,1,29,12,4,5,0,953,117,184,468,184,21,96,146,38,246,84,138,53,131
2012,5,16,31,22,107,12,9,3,70,30,1,67,24,7,5,19,39,0,25,2,43,4,21,25,0,3,4,0,21,6,39,35,0,38,9,6,54,0,28,0,21,76,2,0,14,19,9,4,1,971,125,220,437,189,11,114,176,44,214,77,146,57,132
2012,6,35,20,11,136,14,8,4,77,37,1,57,27,2,2,11,35,1,28,2,41,5,13,24,0,4,8,0,17,4,44,42,2,37,15,2,44,6,19,0,30,84,1,0,16,9,5,7,0,987,122,208,462,195,17,105,169,39,228,89,145,48,147
2012,7,20,21,11,111,18,16,6,83,33,3,61,18,0,3,15,44,3,26,11,68,6,14,33,0,6,7,3,38,6,58,38,1,48,17,5,53,4,24,0,31,80,1,0,26,5,5,12,1,1093,186,256,473,178,37,149,207,49,241,80,152,57,121
2012,8,19,17,18,132,6,9,6,64,47,2,67,21,2,6,15,43,0,24,9,55,7,21,34,1,6,9,0,20,8,47,37,0,30,12,4,57,0,26,0,31,73,4,0,15,8,5,22,0,1039,142,250,456,191,18,124,195,55,224,86,146,47,144
2012,9,36,22,11,117,5,10,6,75,39,1,58,23,2,9,18,41,1,32,8,64,6,19,30,1,6,3,0,23,1,48,29,0,29,24,5,46,1,21,2,30,64,5,0,25,8,9,9,2,1024,137,238,479,170,20,117,183,55,236,103,140,40,130
2012,10,28,20,13,130,9,8,3,68,40,1,51,16,4,9,17,25,2,24,10,46,8,9,22,2,4,1,1,27,5,32,30,0,45,17,5,44,1,16,0,32,70,1,0,16,12,3,13,0,940,125,218,411,186,22,103,171,47,200,86,125,39,147
2012,11,28,19,16,106,3,3,4,63,45,0,56,26,1,6,14,21,2,22,5,54,8,17,20,1,2,13,0,27,13,27,33,4,41,14,4,35,0,19,2,26,90,3,0,21,5,7,12,0,938,99,232,440,167,10,89,189,43,214,85,141,52,115
2012,12,39,18,14,102,9,34,3,81,48,1,40,27,5,7,9,45,3,25,8,49,2,22,29,1,6,9,1,20,8,34,38,0,33,20,5,60,0,20,1,19,84,3,2,24,12,1,11,1,1033,162,210,492,169,48,114,160,50,240,89,163,50,119
2013,1,22,20,17,108,16,3,3,60,50,2,53,26,0,9,18,45,0,22,5,47,3,16,31,0,4,10,0,20,9,28,37,0,37,21,4,33,0,17,1,30,62,2,0,23,8,5,9,0,936,89,220,448,179,8,81,172,48,217,86,145,59,120
2013,2,16,16,8,92,9,3,5,56,23,3,24,15,1,3,8,30,0,25,5,26,3,11,21,1,2,13,0,20,5,24,24,1,35,6,1,31,0,22,0,17,49,7,0,14,1,6,4,0,686,83,135,320,148,8,75,104,31,175,52,93,54,94
2013,3,35,27,8,128,9,5,2,57,36,0,36,30,2,3,9,42,2,20,5,38,4,20,10,1,3,6,0,13,5,30,23,1,26,15,4,38,4,15,1,25,76,2,0,23,26,2,5,4,876,97,159,408,212,16,81,135,24,178,89,141,54,158
2013,4,21,24,18,109,7,6,3,71,39,3,39,17,1,8,13,29,0,20,6,45,5,11,20,0,2,6,0,19,10,20,36,1,41,14,6,46,1,21,0,23,64,5,0,16,13,3,9,0,871,98,188,402,183,13,85,151,37,209,68,125,55,128
2013,5,22,20,14,118,4,6,2,51,30,1,58,27,0,7,11,40,1,25,11,35,4,12,25,3,4,9,1,23,8,39,26,1,42,18,3,36,1,23,0,27,71,1,0,21,10,3,7,1,902,118,210,396,178,20,98,169,41,181,72,143,47,131
2013,6,38,19,9,131,8,6,2,64,47,0,60,30,7,5,9,45,1,29,14,45,9,14,32,0,10,6,1,32,9,34,30,0,28,15,8,34,3,15,0,27,94,0,1,15,12,4,12,0,1014,126,238,457,193,26,100,175,63,206,88,163,42,151
2013,7,22,16,14,130,5,7,4,81,47,1,67,34,0,11,15,39,1,27,10,55,8,21,34,0,7,4,0,31,9,38,41,1,47,19,3,48,3,19,0,25,95,3,1,16,10,9,10,1,1089,139,274,494,182,22,117,213,61,244,83,167,39,143
2013,8,23,17,7,113,10,10,2,86,29,2,53,20,1,2,17,38,3,18,3,43,11,18,25,3,7,5,1,30,2,38,27,0,30,17,0,46,3,19,0,30,85,2,1,28,7,1,19,0,952,135,211,445,161,21,114,165,46,210,88,147,41,120
2013,9,19,22,11,93,11,4,6,50,34,0,45,25,2,9,12,32,3,33,8,36,9,18,22,2,0,9,0,23,6,28,36,0,30,16,5,51,0,19,0,27,99,3,1,23,9,2,16,0,909,118,194,437,160,16,102,152,42,203,76,158,53,107
2013,10,31,33,18,93,6,4,3,77,45,0,44,21,2,5,8,34,1,24,5,40,10,26,26,1,3,8,1,25,6,39,40,0,40,12,10,38,0,23,0,24,82,4,0,22,11,4,8,2,959,113,199,473,174,11,102,153,46,238,89,146,60,114
2013,11,27,22,11,103,11,2,3,86,48,2,41,17,6,8,13,38,1,32,7,41,7,27,16,2,4,2,2,27,6,32,38,1,41,13,6,40,1,23,1,27,70,3,0,14,5,2,8,1,938,112,191,472,163,13,99,148,43,246,94,132,49,114
2013,12,41,15,17,94,10,10,3,77,44,0,56,36,2,9,5,34,0,24,4,42,3,21,31,1,5,10,1,35,7,30,54,0,50,12,4,45,2,28,1,27,65,1,0,18,4,2,8,0,988,127,243,472,146,17,110,192,51,250,94,128,44,102
2014,1,32,12,16,81,12,4,3,63,28,0,29,19,2,5,8,27,1,31,13,21,6,18,24,3,3,5,0,17,5,34,23,1,35,14,5,49,1,23,0,23,84,9,0,17,11,4,5,0,826,119,150,414,143,19,100,109,41,192,81,141,46,97
2014,2,14,16,9,93,8,1,2,47,26,3,41,23,3,6,4,24,0,13,5,26,4,20,14,1,1,4,0,17,5,18,28,0,22,9,7,30,1,17,1,28,51,0,2,18,10,0,6,1,679,74,147,310,148,9,65,118,29,151,66,93,38,110
2014,3,21,18,11,110,7,3,0,82,46,2,28,19,2,4,9,33,0,12,3,20,5,18,27,2,4,9,1,19,2,29,39,0,37,15,3,32,1,27,1,30,61,1,0,14,8,4,16,0,835,88,163,422,162,8,80,120,43,224,78,120,41,121
2014,4,24,25,16,107,5,2,3,68,42,1,48,23,6,6,10,38,0,13,8,39,5,23,25,0,4,8,0,20,5,23,33,0,35,10,2,34,0,20,0,28,79,0,2,18,8,7,9,0,882,89,200,432,161,12,77,154,46,204,85,143,44,117
2014,5,28,14,19,117,9,5,5,69,49,2,62,21,3,7,15,48,1,21,9,33,3,27,15,1,1,11,2,18,11,23,31,0,46,6,4,41,2,20,0,27,86,3,1,19,11,2,16,0,964,102,207,472,183,20,82,178,29,216,97,159,51,132
2014,6,26,22,15,100,7,8,3,77,43,1,58,20,3,10,11,36,0,22,8,35,6,19,20,1,6,9,1,30,1,33,27,2,43,13,5,43,1,22,0,23,94,4,0,26,13,6,9,2,964,124,212,463,165,18,106,165,47,226,79,158,47,118
2014,7,24,16,13,99,9,6,3,64,32,2,58,23,1,3,16,42,6,18,5,39,7,24,29,1,1,17,0,25,6,29,38,1,38,12,4,43,1,21,0,29,90,6,0,17,6,3,10,1,938,115,210,446,167,18,97,168,42,196,93,157,58,109
2014,8,25,17,15,111,9,10,7,63,48,2,63,20,4,5,15,31,0,33,16,43,7,20,26,0,5,8,0,21,12,34,36,0,28,15,7,38,2,17,2,31,90,1,1,21,15,6,17,1,998,122,220,473,183,29,93,171,49,231,91,151,50,133
2014,9,21,17,10,102,6,8,2,57,53,1,46,27,4,4,9,38,0,21,6,51,6,21,28,0,3,11,1,24,2,38,32,0,31,16,4,50,0,27,1,27,64,3,0,20,6,3,10,1,912,127,211,421,153,15,112,165,46,215,78,128,41,112
2014,10,21,20,12,107,14,4,0,80,47,3,54,21,2,6,17,33,0,25,7,25,3,25,42,2,3,4,1,22,11,39,31,1,37,19,5,44,1,15,0,20,73,2,0,24,10,7,8,2,949,118,202,449,180,13,105,145,57,229,83,137,58,122
2014,11,23,12,10,106,9,1,5,69,48,2,66,19,1,4,11,25,2,16,6,37,5,14,41,1,3,11,0,31,10,24,34,1,43,15,6,27,0,32,3,24,83,3,2,21,12,4,6,0,928,93,229,434,172,11,82,171,58,229,72,133,48,124
2014,12,33,23,15,100,7,6,5,79,44,2,61,24,5,13,13,46,0,24,4,42,2,30,36,2,5,9,1,21,6,48,39,0,27,13,1,35,3,25,0,25,110,4,0,20,10,12,9,1,1040,118,224,533,165,14,104,163,61,248,101,184,54,111
2015,1,20,14,11,110,9,4,11,85,48,4,56,18,7,14,15,36,1,33,11,36,8,22,38,1,11,6,0,27,9,32,27,0,35,15,6,43,0,24,0,28,102,1,1,22,11,7,13,0,1032,119,236,506,171,17,102,158,78,257,85,164,44,127
2015,2,29,15,15,83,7,2,4,53,39,1,28,17,2,2,22,24,0,12,3,25,0,12,40,0,1,7,0,10,10,24,33,0,31,9,5,33,0,20,2,23,79,5,0,8,8,6,11,1,761,72,159,388,142,5,67,112,47,175,86,127,46,96
2015,3,35,15,7,121,12,7,2,70,41,5,40,21,2,9,9,45,0,21,8,40,6,21,34,2,4,6,2,15,7,25,30,2,29,28,8,37,0,29,0,28,86,2,0,24,13,5,17,0,970,94,204,481,191,17,77,147,57,222,93,166,49,142
2015,4,29,25,14,107,11,6,5,52,43,1,53,21,0,3,11,29,0,26,4,35,7,26,30,1,1,13,2,23,4,28,30,0,34,23,3,27,1,23,1,27,89,3,1,26,9,3,13,3,926,92,198,456,180,14,78,156,42,208,93,155,61,119
2015,5,42,25,12,107,14,7,3,74,48,1,64,16,4,7,6,34,2,55,6,50,11,27,36,3,4,12,1,16,7,38,26,2,42,12,3,49,3,26,1,25,105,4,1,33,14,1,18,1,1098,123,255,529,191,20,103,190,65,266,100,163,67,124
2015,6,36,13,14,130,6,4,4,79,48,3,61,27,6,7,16,47,1,36,7,42,6,18,41,5,3,3,0,33,6,33,48,2,45,16,8,36,0,36,0,23,103,7,1,17,9,1,12,1,1100,115,252,542,191,13,102,187,65,269,93,180,44,147
2015,7,36,21,21,125,12,13,6,76,60,1,70,30,0,9,17,47,4,56,11,26,10,31,44,3,2,10,2,27,15,42,35,0,46,25,11,57,1,44,1,30,92,3,0,16,24,6,24,4,1246,157,262,598,229,31,126,196,66,299,114,185,69,160
2015,8,21,29,15,120,5,4,4,78,47,2,85,40,3,12,12,32,1,51,8,50,4,21,42,0,7,18,2,26,8,38,34,0,49,10,4,43,2,44,0,41,92,6,5,28,16,0,11,0,1170,129,303,530,208,22,107,235,68,286,95,149,68,140
2015,9,33,21,17,122,15,9,3,79,47,2,89,27,8,6,11,40,0,38,5,40,13,27,51,1,2,15,1,25,9,39,46,1,46,19,11,56,3,16,5,31,86,5,0,31,10,7,12,0,1180,138,300,531,211,18,120,214,86,267,102,162,68,143
2015,10,36,18,12,118,11,8,5,65,53,1,46,26,2,8,20,25,0,47,4,28,12,19,39,3,2,8,0,21,10,43,49,0,46,21,17,53,0,33,2,40,75,2,0,22,13,2,14,1,1080,129,225,524,202,12,117,160,65,276,115,133,54,148
2015,11,39,15,9,121,22,8,3,93,55,0,45,36,9,8,22,41,3,33,9,25,10,18,30,1,4,13,1,25,2,31,41,4,45,19,6,40,0,34,2,23,101,2,1,18,13,7,16,2,1105,118,234,556,197,22,96,167,67,284,102,170,57,140
2015,12,35,25,8,132,13,8,3,76,52,1,55,15,4,10,13,56,2,37,10,39,5,22,34,0,9,17,1,25,4,35,39,0,36,24,12,48,0,31,1,42,100,1,1,31,22,5,14,0,1153,130,222,574,227,22,108,159,63,274,112,188,61,166
2016,1,52,22,18,111,12,3,4,89,50,0,70,21,1,4,18,31,0,22,8,29,3,28,43,1,4,10,0,21,7,21,36,0,42,14,5,44,0,27,0,35,90,1,0,33,14,6,13,1,1064,97,230,553,184,11,86,175,55,267,133,153,54,130
2016,2,30,25,7,104,10,1,4,72,44,1,41,24,0,9,12,22,0,31,4,31,5,20,20,4,3,16,0,17,7,20,30,1,32,16,12,28,0,20,0,29,85,8,1,19,13,4,8,0,890,71,174,445,200,6,65,136,38,224,91,130,71,129
2016,3,42,19,8,105,7,6,6,81,45,0,61,34,6,13,20,38,1,28,15,26,5,28,27,4,1,9,0,16,8,30,54,2,29,17,6,51,1,35,0,32,111,2,0,26,10,4,18,0,1087,120,222,575,170,23,97,168,54,279,122,174,49,121
2016,4,45,25,11,123,13,5,4,75,53,1,52,33,5,6,23,38,1,39,3,46,8,26,41,3,8,21,0,27,11,30,48,0,52,11,6,42,0,24,5,26,81,2,0,22,11,4,19,1,1130,108,275,530,217,9,99,202,73,269,120,141,77,140
2016,5,32,21,12,118,11,6,3,76,50,3,84,26,1,8,15,49,0,38,7,49,6,20,42,0,6,8,2,29,19,30,52,1,38,22,1,38,2,32,0,36,117,5,0,27,12,7,13,0,1174,114,274,588,198,17,97,210,64,285,103,200,67,131
2016,6,41,31,18,141,17,5,5,110,67,2,87,25,3,6,22,38,1,42,10,37,8,19,37,0,1,16,1,23,15,44,40,1,48,22,10,48,2,23,1,35,108,0,0,23,11,11,12,2,1269,134,266,624,245,19,115,209,57,321,117,186,83,162
2016,7,22,33,16,129,13,5,5,95,77,2,88,36,5,9,14,66,0,48,7,44,8,31,47,1,5,14,0,28,7,36,51,0,50,10,5,55,1,30,1,41,118,8,0,26,13,6,17,0,1323,132,310,656,225,13,119,235,75,338,108,210,78,147
2016,8,27,37,13,146,7,8,2,78,56,0,102,33,4,12,34,44,0,35,6,43,12,20,51,2,1,11,0,31,9,51,54,1,61,38,9,66,0,21,1,35,87,1,0,33,12,6,23,2,1325,162,344,583,236,14,148,262,82,285,116,182,69,167
2016,9,43,23,18,123,17,4,1,76,47,0,77,38,6,9,16,53,1,36,6,44,6,27,40,0,2,10,1,32,8,42,50,1,54,14,13,38,1,34,1,40,121,3,0,27,13,6,14,5,1241,125,292,609,215,13,112,227,65,277,126,206,66,149
2016,10,44,24,23,126,23,2,2,82,55,2,111,36,9,15,21,48,1,36,12,48,8,16,43,0,4,14,0,23,3,28,45,1,41,23,4,50,1,32,1,44,106,2,1,32,10,8,23,0,1283,118,340,617,208,17,101,259,81,292,125,200,68,140
2016,11,37,24,19,139,25,3,5,81,54,2,91,33,7,13,18,53,2,42,7,44,8,22,39,1,6,14,2,24,8,28,42,2,56,22,2,43,3,33,3,28,95,5,1,48,14,11,8,0,1267,113,310,610,234,18,95,232,78,316,105,189,79,155
2016,12,39,19,19,102,6,7,3,77,55,2,80,29,2,9,21,46,1,39,4,41,6,25,34,2,4,6,1,26,11,30,56,0,54,29,5,35,2,24,1,53,103,11,3,37,13,5,20,0,1197,109,280,631,177,18,91,224,56,296,138,197,57,120
2017,1,39,28,19,121,16,10,10,91,50,6,83,28,7,7,22,51,0,45,7,37,4,24,49,5,6,16,1,25,7,23,47,2,59,32,9,55,0,27,1,43,118,4,2,36,17,5,10,0,1304,123,293,659,229,20,103,217,76,311,128,220,82,147
2017,2,44,18,14,116,13,4,6,70,42,4,72,23,7,14,22,36,1,31,7,29,6,32,34,0,0,12,1,13,9,16,29,0,53,14,5,40,0,23,0,29,99,4,0,18,8,8,15,1,1042,82,253,517,190,13,69,192,61,227,127,163,61,129
2017,3,36,17,20,108,10,4,3,76,48,1,60,19,1,8,20,42,1,34,5,37,3,19,29,1,2,11,2,21,4,22,38,0,59,19,4,39,0,21,0,37,108,3,0,14,11,0,15,0,1032,94,233,535,170,12,82,190,43,234,112,189,47,123
2017,4,30,23,11,123,13,4,4,91,55,2,65,32,8,14,17,41,0,34,10,31,9,19,49,0,2,9,0,25,8,24,41,1,40,18,8,49,1,24,0,40,86,2,0,31,15,6,5,0,1120,113,256,548,203,15,98,173,83,286,106,156,57,146
2017,5,38,29,25,129,19,6,5,84,55,3,92,32,6,12,25,44,0,43,7,37,9,27,44,2,3,12,0,21,9,30,44,0,52,18,4,39,0,33,2,43,115,2,0,34,13,3,11,1,1262,103,300,636,223,13,90,224,76,301,133,202,77,146
2017,6,39,28,8,122,9,4,4,77,72,2,103,31,7,8,19,52,1,35,8,37,12,25,58,1,3,14,0,20,11,23,42,0,48,30,7,61,2,30,1,37,68,7,0,23,8,5,19,0,1221,119,327,566,209,15,104,238,89,288,120,158,72,137
2017,7,56,28,22,114,17,10,3,92,48,3,97,35,4,10,18,49,5,46,7,43,6,25,56,3,1,8,0,22,10,38,43,2,53,15,5,55,3,31,1,40,102,3,2,32,12,3,18,0,1296,142,326,625,203,27,115,246,80,298,139,188,72,131
2017,8,44,24,17,112,16,8,2,65,54,2,95,39,4,14,19,36,0,40,14,36,7,28,62,4,0,8,1,23,10,27,61,1,51,13,6,48,0,34,1,40,96,8,0,23,13,9,11,2,1228,121,321,581,205,23,98,232,89,288,131,162,74,131
2017,9,48,15,8,114,5,5,7,61,53,2,83,35,7,9,12,41,0,39,12,42,7,21,45,1,6,5,3,23,10,18,39,0,38,24,7,57,0,32,2,34,90,2,1,30,12,7,16,1,1129,119,290,546,174,21,98,214,76,268,115,163,41,133
2017,10,35,35,20,156,12,7,6,76,78,0,75,32,5,13,17,52,1,39,12,38,4,20,49,1,1,21,0,25,7,32,42,1,49,17,4,52,2,26,2,40,115,7,2,32,16,8,11,0,1295,133,280,623,259,24,109,205,75,307,112,204,83,176
2017,11,51,30,16,95,15,3,3,74,52,0,58,37,6,14,21,51,0,31,6,41,7,24,51,2,1,11,1,19,8,21,51,1,56,18,9,55,2,36,1,46,139,8,0,28,22,6,15,2,1244,107,288,647,202,12,95,207,81,281,142,224,76,126
2017,12,46,29,12,125,15,8,4,90,59,2,51,28,2,14,16,39,1,37,8,30,4,31,38,1,4,26,0,24,8,38,45,0,63,10,5,52,0,21,0,38,118,3,0,44,18,9,13,0,1229,131,247,619,232,17,114,185,62,309,131,179,84,148
2018,1,48,28,20,110,18,7,1,98,59,6,67,35,4,16,16,46,4,32,7,42,6,31,38,3,3,19,0,16,7,21,35,0,54,11,10,57,3,33,2,49,116,2,2,28,16,9,16,2,1253,117,283,632,221,23,94,214,69,295,144,193,85,136
2018,2,38,24,14,108,10,4,5,86,54,2,54,20,2,9,32,45,0,20,8,37,6,31,36,1,3,16,0,14,11,13,33,1,38,13,2,43,1,25,3,31,84,2,0,20,14,7,5,1,1026,83,214,538,191,13,70,154,60,250,132,156,67,124
2018,3,39,29,14,72,18,3,2,82,48,2,47,30,1,11,17,40,1,23,5,39,6,26,47,0,2,15,0,18,20,22,37,1,25,12,6,39,1,26,0,27,112,2,1,35,15,5,19,2,1044,90,228,545,181,11,79,160,68,258,109,178,88,93
2018,4,32,26,17,102,20,3,0,81,53,1,51,29,5,9,19,35,1,43,7,46,4,32,48,3,2,8,0,19,11,37,53,0,44,21,3,46,1,31,0,34,92,2,0,22,10,2,14,0,1119,114,252,567,186,12,102,184,68,285,117,165,71,115
2018,5,30,21,15,94,16,7,9,71,60,5,67,30,4,5,17,64,0,30,11,43,3,28,40,1,1,13,2,18,12,29,44,4,48,13,2,50,0,34,1,43,89,0,2,29,9,4,19,2,1139,119,265,580,175,22,97,207,58,281,118,181,70,105
2018,6,51,32,14,122,11,6,5,76,52,1,87,32,3,18,16,40,0,30,13,36,5,28,48,2,4,12,2,16,12,45,40,1,55,14,6,47,1,22,4,45,93,6,0,34,15,3,9,1,1215,130,302,563,220,22,108,219,83,262,140,161,77,143
2018,7,59,24,13,128,16,3,8,89,49,3,84,40,2,12,20,34,2,39,10,36,7,26,56,3,3,10,1,16,11,38,46,3,57,17,5,48,1,32,0,53,106,3,2,22,19,4,10,1,1271,121,310,617,223,19,102,227,83,289,158,170,71,152
2018,8,31,21,17,114,13,2,6,57,53,2,75,30,6,11,8,39,0,36,10,52,3,20,47,0,2,16,1,22,12,22,45,0,47,14,5,51,0,42,3,42,99,4,0,33,9,6,23,2,1153,108,299,548,198,13,95,227,72,278,101,169,70,128
2018,9,37,20,18,105,21,5,2,76,35,3,74,38,3,7,15,31,0,50,8,39,11,34,51,0,2,18,1,23,9,41,52,2,46,17,5,50,3,36,2,52,97,6,0,30,9,7,7,0,1198,131,282,589,196,17,114,204,78,288,138,163,77,119
2018,10,30,21,14,104,15,2,4,84,55,4,73,22,4,5,12,29,0,56,10,41,4,17,43,4,1,12,2,18,18,28,37,1,44,23,9,56,1,25,1,46,71,4,3,28,19,7,14,1,1122,120,253,538,211,18,102,194,59,296,105,137,79,132
2018,11,37,28,22,102,11,6,2,74,51,2,56,32,0,9,18,47,0,30,8,36,6,21,35,2,1,13,3,20,9,27,33,0,51,15,13,47,0,31,0,40,86,1,0,21,17,8,8,0,1079,111,234,536,198,17,94,183,51,250,116,170,66,132
2018,12,36,19,16,114,19,6,2,103,75,0,49,26,3,11,17,47,1,37,7,32,5,26,67,1,1,6,1,18,4,33,34,0,39,15,1,47,1,36,0,42,100,2,0,32,21,4,9,1,1166,114,242,622,188,16,98,155,87,323,121,178,52,136
2019,1,48,18,21,108,11,7,7,87,68,2,45,31,3,5,15,46,3,33,7,26,9,33,44,1,2,16,0,11,9,31,50,2,45,20,6,37,2,39,2,37,96,4,0,21,15,4,10,2,1139,98,224,625,192,19,79,157,67,309,133,183,63,129
2019,2,46,26,14,83,10,8,0,67,45,2,55,24,2,10,12,36,0,26,7,21,8,37,30,2,5,5,0,16,7,23,41,1,33,13,9,31,0,36,2,34,117,4,0,17,8,5,13,1,992,85,204,546,157,15,70,146,58,237,129,180,57,100
2019,3,37,16,24,99,9,3,5,78,53,2,52,27,2,4,14,42,4,41,7,27,6,30,37,2,3,13,7,11,7,23,32,0,30,30,6,52,1,25,0,36,97,6,0,27,12,5,5,0,1049,108,193,576,172,22,86,141,52,266,117,193,55,117
2019,4,31,30,14,87,18,4,2,68,61,3,85,33,5,7,20,30,0,35,5,32,3,31,38,3,1,10,2,10,16,16,35,2,37,17,5,34,1,26,2,45,90,4,1,22,22,9,7,0,1059,73,252,536,198,13,60,194,58,258,127,151,84,114
2019,5,41,26,10,110,12,2,1,84,50,0,71,25,4,6,17,50,0,38,8,43,7,44,49,1,6,6,2,24,13,23,48,3,43,16,10,52,1,37,0,28,114,5,0,48,13,5,14,1,1211,112,271,631,197,13,99,196,75,311,130,190,64,133
2019,6,36,30,18,126,13,4,0,78,57,2,72,33,6,4,25,56,0,41,9,43,8,26,49,2,5,5,1,17,12,34,51,1,60,16,5,46,2,37,1,49,111,4,0,23,20,5,10,0,1253,113,292,629,219,16,97,218,74,292,136,201,68,151
2019,7,33,25,21,110,21,9,5,101,74,1,79,32,6,8,18,41,2,48,9,50,10,28,64,3,4,11,2,15,20,30,47,0,56,22,5,54,0,37,0,40,92,6,1,41,17,8,15,1,1322,122,324,656,220,23,99,232,92,361,119,176,88,132
2019,8,45,26,25,100,10,5,1,72,46,1,76,26,5,14,13,47,2,43,9,52,11,27,44,2,2,10,1,19,22,36,52,0,58,20,9,51,3,37,0,35,112,5,0,35,15,9,13,1,1247,126,301,619,201,20,106,225,76,295,120,204,77,124
2019,9,45,14,18,115,17,5,7,68,59,3,84,34,3,6,20,47,0,38,6,43,13,27,52,1,3,13,1,16,15,34,55,0,46,24,8,45,0,52,0,42,99,2,0,21,4,9,15,4,1233,107,299,631,196,12,95,222,77,309,134,188,69,127
2019,10,33,22,18,120,12,4,4,102,63,0,61,34,4,10,14,32,1,41,13,37,6,24,29,2,2,7,3,20,11,30,48,0,47,26,4,58,0,35,3,38,102,3,1,34,13,6,22,3,1202,130,255,620,197,22,108,201,54,333,109,178,60,137
